timestamp,relative_time,sample,co_m,eth_m,voc_m,no2,eth_gm,voc_gm,co_gm
4402760,0.0,Level_6_DONE,2.57,1.69,0.73,0.97,0.91,0.35,0.04
4403022,0.262,Level_6_DONE,2.57,1.69,0.73,0.97,0.91,0.35,0.04
4403282,0.522,Level_6_DONE,2.57,1.69,0.73,0.97,0.91,0.35,0.04
4403535,0.775,Level_6_DONE,2.57,1.69,0.73,0.97,0.91,0.35,0.04
4403787,1.027,Level_6_DONE,2.57,1.69,0.73,0.97,0.91,0.35,0.04
4404051,1.291,Level_6_DONE,2.57,1.69,0.73,0.97,0.91,0.35,0.04
4404303,1.543,Level_6_DONE,2.57,1.69,0.73,0.97,0.91,0.35,0.04
4404564,1.804,Level_6_DONE,2.57,1.69,0.73,0.97,0.91,0.35,0.04
4404818,2.058,Level_6_DONE,2.57,1.69,0.73,0.97,0.91,0.35,0.04
4405086,2.326,Level_6_DONE,2.57,1.69,0.73,0.97,0.91,0.35,0.04
4405334,2.574,Level_6_DONE,2.57,1.69,0.73,0.97,0.91,0.35,0.04
4405590,2.83,Level_6_DONE,2.57,1.69,0.73,0.97,0.91,0.35,0.04
4405852,3.092,Level_6_DONE,2.57,1.69,0.73,0.97,0.91,0.35333332,0.04
4406114,3.354,Level_6_DONE,2.57,1.69,0.73,0.97,0.91,0.35666668,0.04
4406364,3.604,Level_6_DONE,2.57,1.69,0.73,0.97,0.91,0.36,0.04
4406627,3.867,Level_6_DONE,2.57,1.69,0.73,0.97333336,0.91,0.36,0.04
4406884,4.124,Level_6_DONE,2.57,1.69,0.73,0.9766667,0.91,0.36,0.04
4407143,4.383,Level_6_DONE,2.57,1.69,0.73,0.98,0.91,0.36,0.04
4407397,4.637,Level_6_DONE,2.57,1.69,0.73,0.98,0.91,0.36,0.04
4407659,4.899,Level_6_DONE,2.57,1.69,0.73,0.98,0.91,0.36,0.04
4408174,5.414,Level_1_PRE-COND,2.57,1.69,0.73,0.98,0.91,0.36,0.04
4408437,5.677,Level_1_PRE-COND,2.57,1.69,0.73,0.98,0.91,0.36,0.04
4408687,5.927,Level_1_PRE-COND,2.57,1.69,0.73,0.98,0.91,0.36,0.04
4408936,6.176,Level_1_PRE-COND,2.57,1.69,0.73,0.98,0.91,0.36,0.04
4409202,6.442,Level_1_PRE-COND,2.57,1.69,0.73,0.98,0.91,0.36333334,0.04
4409461,6.701,Level_1_PRE-COND,2.57,1.69,0.73,0.98,0.91,0.36666667,0.04
4409724,6.964,Level_1_PRE-COND,2.57,1.69,0.73,0.98,0.91,0.37,0.04
4409976,7.216,Level_1_PRE-COND,2.57,1.69,0.73,0.98,0.91,0.37,0.04
4410241,7.481,Level_1_PRE-COND,2.57,1.69,0.73,0.98333335,0.91,0.37,0.04
4410507,7.747,Level_1_PRE-COND,2.57,1.69,0.73,0.9866667,0.91,0.37333333,0.04
4410767,8.007,Level_1_PRE-COND,2.57,1.69,0.73,0.99,0.91,0.38,0.04
4411021,8.261,Level_1_PRE-COND,2.57,1.69,0.73,0.99333334,0.91,0.39,0.04
4411271,8.511,Level_1_PRE-COND,2.57,1.69,0.73,0.99666667,0.91,0.39666665,0.04
4411533,8.773,Level_1_PRE-COND,2.57,1.69,0.73,1.0033333,0.91333336,0.40333334,0.04
4411797,9.037,Level_1_PRE-COND,2.57,1.69,0.73,1.0066667,0.9166667,0.41,0.04
4412050,9.29,Level_1_PRE-COND,2.57,1.69,0.73,1.0133333,0.92,0.42,0.04
4412311,9.551,Level_1_PRE-COND,2.57,1.69,0.73,1.0166667,0.92,0.42999998,0.04
4412564,9.804,Level_1_PRE-COND,2.57,1.69,0.73,1.02,0.92,0.43999997,0.04
4413009,10.249,Level_1_RAMP_UP,2.57,1.69,0.73,1.02,0.92,0.45333335,0.04
4413265,10.505,Level_1_RAMP_UP,2.57,1.69,0.73,1.02,0.92333335,0.46666667,0.04
4413516,10.756,Level_1_RAMP_UP,2.57,1.69,0.73,1.02,0.9266667,0.48000002,0.04
4413774,11.014,Level_1_RAMP_UP,2.57,1.69,0.73,1.02,0.93,0.49,0.04
4414026,11.266,Level_1_RAMP_UP,2.57,1.69,0.73,1.02,0.93,0.5,0.04
4414284,11.524,Level_1_RAMP_UP,2.57,1.69,0.73,1.02,0.93,0.51,0.04
4414544,11.784,Level_1_RAMP_UP,2.57,1.69,0.73,1.02,0.93,0.52,0.04
4414801,12.041,Level_1_RAMP_UP,2.57,1.69,0.73,1.02,0.93,0.53,0.04
4415063,12.303,Level_1_RAMP_UP,2.57,1.69,0.73,1.02,0.93,0.53999996,0.04
4415318,12.558,Level_1_RAMP_UP,2.57,1.69,0.73,1.02,0.93333334,0.55,0.04
4415572,12.812,Level_1_RAMP_UP,2.57,1.69,0.73,1.02,0.93666667,0.5566667,0.04
4416042,13.282,Level_1_HOLD,2.5733333,1.6933333,0.73333335,1.02,0.94,0.56666666,0.04
4416304,13.544,Level_1_HOLD,2.573333,1.6933333,0.73333335,1.02,0.94,0.5733333,0.04
4416564,13.804,Level_1_HOLD,2.573333,1.6933333,0.73333335,1.02,0.94,0.58,0.04
4416826,14.066,Level_1_HOLD,2.57,1.69,0.73,1.02,0.94,0.5833333,0.04
4417079,14.319,Level_1_HOLD,2.57,1.69,0.73,1.02,0.94,0.58666664,0.04
4417330,14.57,Level_1_HOLD,2.57,1.69,0.73,1.02,0.94,0.5933333,0.04
4417589,14.829,Level_1_HOLD,2.57,1.69,0.73,1.02,0.94,0.5966667,0.04
4417840,15.08,Level_1_HOLD,2.57,1.69,0.73,1.02,0.9433333,0.60333335,0.04
4418094,15.334,Level_1_HOLD,2.57,1.69,0.73,1.02,0.94666666,0.6066667,0.04
4418352,15.592,Level_1_HOLD,2.57,1.69,0.73,1.02,0.95,0.61,0.04
4418604,15.844,Level_1_HOLD,2.57,1.69,0.73,1.02,0.95,0.61333334,0.04
4418852,16.092,Level_1_HOLD,2.57,1.69,0.73,1.02,0.95,0.6166667,0.04
4419117,16.357,Level_1_HOLD,2.57,1.69,0.73,1.02,0.95,0.62,0.04
4419376,16.616,Level_1_HOLD,2.57,1.69,0.73,1.02,0.95,0.62,0.04
4419628,16.868,Level_1_HOLD,2.57,1.69,0.73,1.02,0.95,0.62333333,0.04
4419879,17.119,Level_1_HOLD,2.57,1.69,0.73,1.02,0.95,0.62666667,0.04
4420129,17.369,Level_1_HOLD,2.57,1.69,0.73,1.02,0.95,0.63,0.04
4420392,17.632,Level_1_HOLD,2.57,1.69,0.73,1.02,0.95,0.63,0.04
4420644,17.884,Level_1_HOLD,2.57,1.69,0.73,1.02,0.95,0.63,0.04
4420906,18.146,Level_1_HOLD,2.57,1.69,0.73,1.02,0.95,0.6333333,0.04
4421159,18.399,Level_1_HOLD,2.57,1.69,0.73,1.02,0.95,0.63666666,0.04
4421411,18.651,Level_1_HOLD,2.57,1.69,0.73,1.02,0.95,0.64,0.04
4421674,18.914,Level_1_HOLD,2.57,1.69,0.73,1.02,0.95,0.64,0.04
4421928,19.168,Level_1_HOLD,2.57,1.69,0.73,1.02,0.95,0.64,0.04
4422183,19.423,Level_1_HOLD,2.57,1.69,0.73,1.02,0.95,0.6433333,0.04
4422441,19.681,Level_1_HOLD,2.57,1.69,0.73,1.02,0.95,0.64666665,0.043333333
4422695,19.935,Level_1_HOLD,2.57,1.69,0.73,1.02,0.95,0.65,0.046666667
4422945,20.185,Level_1_HOLD,2.57,1.69,0.73,1.02,0.95,0.65,0.05
4423196,20.436,Level_1_HOLD,2.57,1.69,0.73,1.02,0.95,0.65,0.05
4423449,20.689,Level_1_HOLD,2.57,1.69,0.73,1.02,0.95,0.65333337,0.05
4423700,20.94,Level_1_HOLD,2.57,1.69,0.73,1.02,0.9533333,0.6566667,0.046666667
4423955,21.195,Level_1_HOLD,2.57,1.69,0.73,1.02,0.9533333,0.66,0.043333333
4424207,21.447,Level_1_HOLD,2.57,1.69,0.73,1.02,0.95666665,0.66,0.043333333
4424457,21.697,Level_1_HOLD,2.57,1.69,0.73,1.02,0.95666665,0.66,0.046666667
4424708,21.948,Level_1_HOLD,2.57,1.69,0.73,1.02,0.96,0.66333336,0.05
4424972,22.212,Level_1_HOLD,2.57,1.69,0.73,1.02,0.96,0.6666667,0.05
4425240,22.48,Level_1_HOLD,2.57,1.69,0.73,1.02,0.96,0.67,0.046666667
4425501,22.741,Level_1_HOLD,2.57,1.69,0.73,1.02,0.96,0.67,0.046666667
4425761,23.001,Level_1_HOLD,2.57,1.69,0.73,1.02,0.96,0.67,0.046666667
4426017,23.257,Level_1_HOLD,2.57,1.69,0.73,1.02,0.96,0.67,0.05
4426266,23.506,Level_1_HOLD,2.57,1.69,0.73,1.02,0.96,0.67,0.05
4426517,23.757,Level_1_HOLD,2.57,1.69,0.73,1.02,0.95666665,0.67,0.05
4426774,24.014,Level_1_HOLD,2.57,1.69,0.73,1.02,0.95666665,0.67333335,0.05
4427032,24.272,Level_1_HOLD,2.57,1.69,0.73,1.02,0.95666665,0.6766667,0.05
4427288,24.528,Level_1_HOLD,2.57,1.69,0.73,1.02,0.96,0.68,0.05
4427555,24.795,Level_1_HOLD,2.57,1.69,0.73,1.02,0.96,0.68,0.05
4427816,25.056,Level_1_HOLD,2.57,1.69,0.73,1.02,0.96,0.68,0.05
4428082,25.322,Level_1_HOLD,2.57,1.69,0.73,1.02,0.96,0.68,0.05
4428347,25.587,Level_1_HOLD,2.57,1.69,0.73,1.02,0.96,0.68,0.05
4428612,25.852,Level_1_HOLD,2.57,1.69,0.73,1.02,0.96,0.68,0.05
4428875,26.115,Level_1_HOLD,2.57,1.69,0.73,1.02,0.96,0.68,0.05
4429135,26.375,Level_1_HOLD,2.57,1.69,0.73,1.02,0.96,0.68,0.05
4429386,26.626,Level_1_HOLD,2.57,1.69,0.73,1.02,0.96,0.68333334,0.05
4429650,26.89,Level_1_HOLD,2.57,1.69,0.73,1.02,0.96,0.68666667,0.05
4429909,27.149,Level_1_HOLD,2.57,1.69,0.73,1.02,0.96,0.69,0.05
4430160,27.4,Level_1_HOLD,2.57,1.69,0.73,1.02,0.96,0.69,0.05
4430413,27.653,Level_1_HOLD,2.57,1.69,0.73,1.02,0.96,0.69,0.05
4430672,27.912,Level_1_HOLD,2.57,1.69,0.73,1.02,0.96,0.69,0.05
4430936,28.176,Level_1_HOLD,2.57,1.69,0.73,1.02,0.96,0.69,0.05
4431199,28.439,Level_1_HOLD,2.57,1.69,0.73,1.02,0.96,0.69,0.05
4431456,28.696,Level_1_HOLD,2.57,1.69,0.73,1.02,0.96,0.69,0.05
4431720,28.96,Level_1_HOLD,2.57,1.69,0.73,1.02,0.96,0.69,0.05
4431974,29.214,Level_1_HOLD,2.57,1.69,0.73,1.02,0.96,0.69,0.05
4432227,29.467,Level_1_HOLD,2.57,1.69,0.73,1.02,0.96,0.69,0.05
4432488,29.728,Level_1_HOLD,2.57,1.69,0.73,1.02,0.96,0.69,0.05
4432738,29.978,Level_1_HOLD,2.57,1.69,0.73,1.02,0.96,0.6933333,0.05
4433000,30.24,Level_1_HOLD,2.57,1.69,0.73,1.02,0.96,0.69666666,0.05
4433255,30.495,Level_1_HOLD,2.57,1.69,0.73,1.02,0.96,0.7,0.05
4433514,30.754,Level_1_HOLD,2.57,1.69,0.73,1.02,0.96,0.7,0.05
4433767,31.007,Level_1_HOLD,2.57,1.69,0.73,1.02,0.96,0.7,0.05
4434019,31.259,Level_1_HOLD,2.57,1.69,0.73,1.02,0.96,0.7,0.05
4434274,31.514,Level_1_HOLD,2.57,1.69,0.73,1.02,0.96,0.7,0.05
4434528,31.768,Level_1_HOLD,2.57,1.69,0.73,1.02,0.96,0.7,0.05
4434794,32.034,Level_1_HOLD,2.57,1.69,0.73,1.02,0.96,0.7,0.05
4435055,32.295,Level_1_HOLD,2.57,1.69,0.73,1.02,0.96,0.7,0.05
4435310,32.55,Level_1_HOLD,2.57,1.69,0.73,1.02,0.96,0.7,0.05
4435571,32.811,Level_1_HOLD,2.57,1.69,0.73,1.02,0.96,0.7,0.05
4436135,33.375,Level_1_PURGE,2.5733333,1.6933333,0.73333335,1.02,0.96,0.7033333,0.05
4436400,33.64,Level_1_PURGE,2.573333,1.6933333,0.73333335,1.02,0.96,0.70666665,0.05
4436661,33.901,Level_1_PURGE,2.573333,1.6933333,0.73333335,1.02,0.96,0.71,0.05
4436911,34.151,Level_1_PURGE,2.57,1.69,0.73,1.02,0.96,0.71,0.05
4437170,34.41,Level_1_PURGE,2.57,1.69,0.73,1.02,0.96,0.71,0.05
4437420,34.66,Level_1_PURGE,2.57,1.69,0.73,1.02,0.96,0.71,0.05
4437673,34.913,Level_1_PURGE,2.57,1.69,0.73,1.02,0.96,0.71,0.05
4437928,35.168,Level_1_PURGE,2.57,1.69,0.73,1.02,0.96,0.7133333,0.05
4438187,35.427,Level_1_PURGE,2.57,1.69,0.73,1.02,0.96,0.7166667,0.05
4438445,35.685,Level_1_PURGE,2.5733333,1.6933333,0.73333335,1.02,0.96,0.72,0.05
4438696,35.936,Level_1_PURGE,2.573333,1.6933333,0.73333335,1.02,0.96,0.72333336,0.05
4438947,36.187,Level_1_PURGE,2.573333,1.6933333,0.73333335,1.02,0.96,0.7266667,0.05
4439204,36.444,Level_1_PURGE,2.5733333,1.6933333,0.73333335,1.02,0.9633333,0.73,0.05
4439469,36.709,Level_1_PURGE,2.5766666,1.6966667,0.7366667,1.02,0.96333337,0.73333335,0.05
4439732,36.972,Level_1_PURGE,2.5766666,1.6966667,0.7366667,1.02,0.9666667,0.7366667,0.05
4439991,37.231,Level_1_PURGE,2.573333,1.6933333,0.73333335,1.02,0.9666667,0.74,0.05
4440250,37.49,Level_1_PURGE,2.57,1.69,0.73,1.02,0.97,0.74333334,0.05
4440508,37.748,Level_1_PURGE,2.5733333,1.6933333,0.73333335,1.02,0.97,0.74666667,0.05
4440760,38.0,Level_1_PURGE,2.5766666,1.6966667,0.7366667,1.02,0.97,0.75,0.05
4441026,38.266,Level_1_PURGE,2.5766666,1.6966667,0.7366667,1.02,0.97,0.75,0.05
4441292,38.532,Level_1_PURGE,2.573333,1.6933333,0.73333335,1.02,0.97,0.75333333,0.05
4441549,38.789,Level_1_PURGE,2.57,1.69,0.73,1.02,0.97,0.75666666,0.05
4441803,39.043,Level_1_PURGE,2.57,1.69,0.73,1.02,0.97,0.76,0.05
4442055,39.295,Level_1_PURGE,2.57,1.69,0.73,1.02,0.97,0.76,0.05
4442319,39.559,Level_1_PURGE,2.57,1.69,0.73,1.02,0.97,0.76,0.05
4442578,39.818,Level_1_PURGE,2.57,1.69,0.73,1.02,0.97,0.76,0.05
4442833,40.073,Level_1_PURGE,2.57,1.69,0.73,1.02,0.97,0.76,0.05
4443084,40.324,Level_1_PURGE,2.57,1.69,0.73,1.02,0.97,0.76,0.05
4443341,40.581,Level_1_PURGE,2.57,1.69,0.73,1.02,0.97,0.76,0.05
4443607,40.847,Level_1_PURGE,2.57,1.69,0.73,1.02,0.97,0.76,0.05
4443859,41.099,Level_1_PURGE,2.57,1.69,0.73,1.02,0.97,0.76,0.05
4444118,41.358,Level_1_PURGE,2.57,1.69,0.73,1.02,0.97,0.76,0.05
4444376,41.616,Level_1_PURGE,2.57,1.69,0.73,1.02,0.97,0.76,0.05
4444624,41.864,Level_1_PURGE,2.57,1.69,0.73,1.02,0.97,0.76,0.05
4444887,42.127,Level_1_PURGE,2.57,1.69,0.73,1.02,0.97,0.76,0.05
4445143,42.383,Level_1_PURGE,2.57,1.69,0.73,1.02,0.97,0.76,0.05
4445399,42.639,Level_1_PURGE,2.57,1.69,0.73,1.02,0.97,0.76,0.05
4445650,42.89,Level_1_PURGE,2.57,1.69,0.73,1.02,0.97,0.76,0.05
4445906,43.146,Level_1_PURGE,2.57,1.69,0.73,1.02,0.97,0.76,0.05
4446167,43.407,Level_1_PURGE,2.57,1.69,0.73,1.02,0.97,0.76,0.05
4446432,43.672,Level_1_PURGE,2.57,1.69,0.73,1.02,0.97,0.76,0.05
4446698,43.938,Level_1_PURGE,2.57,1.69,0.73,1.02,0.97,0.76,0.05
4446962,44.202,Level_1_PURGE,2.57,1.69,0.73,1.02,0.97,0.76,0.05
4447223,44.463,Level_1_PURGE,2.57,1.69,0.73,1.02,0.97,0.76,0.05
4447479,44.719,Level_1_PURGE,2.57,1.69,0.73,1.02,0.97,0.76,0.05
4447747,44.987,Level_1_PURGE,2.57,1.69,0.73,1.02,0.97,0.76,0.05
4447994,45.234,Level_1_PURGE,2.57,1.69,0.73,1.02,0.97,0.76,0.05
4448264,45.504,Level_1_PURGE,2.57,1.69,0.73,1.02,0.97,0.76,0.05
4448514,45.754,Level_1_PURGE,2.57,1.69,0.73,1.02,0.97,0.76,0.05
4448780,46.02,Level_1_PURGE,2.57,1.69,0.73,1.02,0.97,0.75666666,0.05
4449037,46.277,Level_1_PURGE,2.57,1.69,0.73,1.02,0.97,0.75333333,0.05
4449293,46.533,Level_1_PURGE,2.57,1.69,0.73,1.02,0.97,0.75,0.05
4449541,46.781,Level_1_PURGE,2.57,1.69,0.73,1.02,0.97,0.75,0.05
4449799,47.039,Level_1_PURGE,2.57,1.69,0.73,1.02,0.97,0.75,0.05
4450053,47.293,Level_1_PURGE,2.57,1.69,0.73,1.02,0.97,0.75,0.05
4450315,47.555,Level_1_PURGE,2.57,1.69,0.73,1.02,0.9666667,0.75,0.05
4450572,47.812,Level_1_PURGE,2.57,1.69,0.73,1.02,0.9666667,0.74666667,0.05
4450833,48.073,Level_1_PURGE,2.57,1.69,0.73,1.02,0.9666667,0.74333334,0.05
4451098,48.338,Level_1_PURGE,2.57,1.69,0.73,1.02,0.9666667,0.74,0.05
4451353,48.593,Level_1_PURGE,2.57,1.69,0.73,1.02,0.96333337,0.74,0.05
4451605,48.845,Level_1_PURGE,2.57,1.69,0.73,1.02,0.9633333,0.74,0.05
4451864,49.104,Level_1_PURGE,2.57,1.69,0.73,1.02,0.96333337,0.74,0.05
4452114,49.354,Level_1_PURGE,2.57,1.69,0.73,1.02,0.96333337,0.74,0.05
4452373,49.613,Level_1_PURGE,2.57,1.69,0.73,1.02,0.96,0.7366667,0.05
4452629,49.869,Level_1_PURGE,2.57,1.69,0.73,1.02,0.96,0.73333335,0.05
4452891,50.131,Level_1_PURGE,2.57,1.69,0.73,1.02,0.96,0.73,0.05
4453146,50.386,Level_1_PURGE,2.57,1.69,0.73,1.02,0.96,0.73,0.046666667
4453397,50.637,Level_1_PURGE,2.57,1.69,0.73,1.02,0.96,0.73,0.043333333
4453648,50.888,Level_1_PURGE,2.57,1.69,0.73,1.02,0.96,0.73,0.04
4453911,51.151,Level_1_PURGE,2.57,1.69,0.73,1.02,0.96,0.73,0.04
4454178,51.418,Level_1_PURGE,2.57,1.69,0.73,1.02,0.96,0.73,0.04
4454444,51.684,Level_1_PURGE,2.57,1.69,0.73,1.02,0.96,0.7266667,0.04
4454694,51.934,Level_1_PURGE,2.57,1.69,0.73,1.02,0.96,0.72333336,0.04
4454954,52.194,Level_1_PURGE,2.57,1.69,0.73,1.02,0.96,0.72,0.04
4455208,52.448,Level_1_PURGE,2.57,1.69,0.73,1.02,0.96,0.72,0.04
4455468,52.708,Level_1_PURGE,2.57,1.69,0.73,1.02,0.96,0.7166667,0.04
4455730,52.97,Level_1_PURGE,2.57,1.69,0.73,1.02,0.96,0.71333337,0.04
4455981,53.221,Level_1_PURGE,2.57,1.69,0.73,1.02,0.96,0.71,0.04
4456246,53.486,Level_1_PURGE,2.57,1.69,0.73,1.02,0.96,0.71,0.04
4456507,53.747,Level_1_PURGE,2.57,1.69,0.73,1.02,0.96,0.71,0.04
4456765,54.005,Level_1_PURGE,2.57,1.69,0.73,1.02,0.95666665,0.70666665,0.04
4457024,54.264,Level_1_PURGE,2.57,1.69,0.73,1.02,0.95666665,0.7033333,0.04
4457274,54.514,Level_1_PURGE,2.5666666,1.6866666,0.73,1.02,0.95666665,0.7,0.04
4457537,54.777,Level_1_PURGE,2.5666666,1.6866666,0.73,1.02,0.95666665,0.69666666,0.04
4457798,55.038,Level_1_PURGE,2.5666666,1.6866666,0.73,1.02,0.9533333,0.6933333,0.04
4458059,55.299,Level_1_PURGE,2.57,1.69,0.73,1.02,0.95,0.69,0.04
4458310,55.55,Level_1_PURGE,2.57,1.69,0.73,1.02,0.95,0.69,0.04
4458568,55.808,Level_1_PURGE,2.57,1.69,0.73,1.02,0.95,0.69,0.04
4458818,56.058,Level_1_PURGE,2.57,1.69,0.73,1.02,0.95,0.69,0.04
4459069,56.309,Level_1_PURGE,2.57,1.69,0.73,1.02,0.95,0.68666667,0.04
4459337,56.577,Level_1_PURGE,2.57,1.69,0.73,1.02,0.95,0.68333334,0.04
4459597,56.837,Level_1_PURGE,2.57,1.69,0.73,1.02,0.95,0.68,0.04
4459853,57.093,Level_1_PURGE,2.57,1.69,0.73,1.02,0.95,0.68,0.04
4460117,57.357,Level_1_PURGE,2.57,1.69,0.73,1.02,0.95,0.6766667,0.04
4460376,57.616,Level_1_PURGE,2.57,1.69,0.73,1.02,0.95,0.67333335,0.04
4460630,57.87,Level_1_PURGE,2.57,1.69,0.73,1.02,0.95,0.67,0.04
4460895,58.135,Level_1_PURGE,2.57,1.69,0.73,1.02,0.95,0.67,0.04
4461149,58.389,Level_1_PURGE,2.57,1.69,0.73,1.02,0.95,0.6666667,0.04
4461401,58.641,Level_1_PURGE,2.57,1.69,0.73,1.02,0.95,0.66333336,0.04
4461656,58.896,Level_1_PURGE,2.57,1.69,0.73,1.02,0.95,0.66,0.04
4461906,59.146,Level_1_PURGE,2.57,1.69,0.73,1.02,0.95,0.66,0.04
4462167,59.407,Level_1_PURGE,2.57,1.69,0.73,1.02,0.95,0.6566667,0.04
4462421,59.661,Level_1_PURGE,2.57,1.69,0.73,1.02,0.94666666,0.6533333,0.04
4462677,59.917,Level_1_PURGE,2.57,1.69,0.73,1.02,0.9433333,0.65,0.04
4462940,60.18,Level_1_PURGE,2.57,1.69,0.73,1.02,0.94,0.65,0.04
4463195,60.435,Level_1_PURGE,2.57,1.69,0.73,1.02,0.94,0.64666665,0.04
4463447,60.687,Level_1_PURGE,2.57,1.69,0.73,1.02,0.94,0.6433333,0.04
4463702,60.942,Level_1_PURGE,2.57,1.69,0.73,1.02,0.94,0.64,0.04
4463963,61.203,Level_1_PURGE,2.57,1.69,0.73,1.02,0.94,0.63666666,0.04
4464224,61.464,Level_1_PURGE,2.57,1.69,0.73,1.02,0.94,0.6333333,0.04
4464473,61.713,Level_1_PURGE,2.57,1.69,0.73,1.02,0.94,0.63,0.04
4464733,61.973,Level_1_PURGE,2.57,1.69,0.73,1.02,0.94,0.62666667,0.04
4464994,62.234,Level_1_PURGE,2.57,1.69,0.73,1.02,0.94,0.62333333,0.04
4465258,62.498,Level_1_PURGE,2.57,1.69,0.73,1.02,0.94,0.62,0.04
4465513,62.753,Level_1_PURGE,2.57,1.69,0.73,1.02,0.94,0.62,0.04
4465777,63.017,Level_1_PURGE,2.57,1.69,0.73,1.02,0.94,0.6166667,0.04
4466034,63.274,Level_1_PURGE,2.57,1.69,0.73,1.02,0.94,0.61333334,0.04
4466289,63.529,Level_1_PURGE,2.57,1.69,0.73,1.02,0.94,0.61,0.04
4466555,63.795,Level_1_PURGE,2.57,1.69,0.73,1.02,0.94,0.61,0.04
4466805,64.045,Level_1_PURGE,2.57,1.69,0.73,1.02,0.94,0.61,0.04
4467068,64.308,Level_1_PURGE,2.57,1.69,0.73,1.02,0.94,0.6066667,0.04
4467323,64.563,Level_1_PURGE,2.57,1.69,0.73,1.02,0.94,0.60333335,0.04
4467573,64.813,Level_1_PURGE,2.57,1.69,0.73,1.02,0.93666667,0.6,0.04
4467839,65.079,Level_1_PURGE,2.57,1.69,0.73,1.02,0.93333334,0.59666663,0.04
4468093,65.333,Level_1_PURGE,2.57,1.69,0.73,1.02,0.93,0.5933333,0.04
4468345,65.585,Level_1_PURGE,2.57,1.69,0.73,1.02,0.93,0.59,0.04
4468606,65.846,Level_1_PURGE,2.57,1.69,0.73,1.02,0.93,0.59,0.04
4468865,66.105,Level_1_PURGE,2.57,1.69,0.73,1.02,0.93,0.59,0.04
4469116,66.356,Level_1_PURGE,2.57,1.69,0.73,1.02,0.93,0.58666664,0.04
4469378,66.618,Level_1_PURGE,2.57,1.69,0.73,1.02,0.93,0.5833333,0.04
4469627,66.867,Level_1_PURGE,2.57,1.69,0.73,1.02,0.93,0.58,0.04
4469882,67.122,Level_1_PURGE,2.57,1.69,0.73,1.02,0.93,0.58,0.04
4470140,67.38,Level_1_PURGE,2.57,1.69,0.73,1.02,0.93,0.57666665,0.04
4470390,67.63,Level_1_PURGE,2.57,1.69,0.73,1.02,0.93,0.5733333,0.04
4470643,67.883,Level_1_PURGE,2.57,1.69,0.73,1.02,0.93,0.57,0.04
4470901,68.141,Level_1_PURGE,2.57,1.69,0.73,1.02,0.93,0.57,0.04
4471158,68.398,Level_1_PURGE,2.57,1.69,0.73,1.02,0.93,0.56666666,0.04
4471412,68.652,Level_1_PURGE,2.57,1.69,0.73,1.02,0.93,0.56333333,0.04
4471667,68.907,Level_1_PURGE,2.57,1.69,0.73,1.02,0.93,0.56,0.04
4471927,69.167,Level_1_PURGE,2.57,1.69,0.73,1.02,0.93,0.56,0.04
4472191,69.431,Level_1_PURGE,2.57,1.69,0.73,1.02,0.93,0.5566667,0.04
4472448,69.688,Level_1_PURGE,2.57,1.69,0.73,1.02,0.93,0.55333334,0.04
4472712,69.952,Level_1_PURGE,2.57,1.69,0.73,1.02,0.93,0.55,0.04
4472968,70.208,Level_1_PURGE,2.57,1.69,0.73,1.02,0.93,0.55,0.04
4473220,70.46,Level_1_PURGE,2.57,1.69,0.73,1.02,0.93,0.55,0.04
4473488,70.728,Level_1_PURGE,2.57,1.69,0.73,1.0166667,0.9266667,0.5466667,0.04
4473742,70.982,Level_1_PURGE,2.5666666,1.6866666,0.73,1.0133333,0.92333335,0.54333335,0.04
4473995,71.235,Level_1_PURGE,2.5666666,1.6866666,0.73,1.01,0.92,0.54,0.04
4474247,71.487,Level_1_PURGE,2.5666666,1.6866666,0.73,1.01,0.92,0.54,0.04
4474504,71.744,Level_1_PURGE,2.57,1.69,0.73,1.01,0.92,0.5366667,0.04
4474770,72.01,Level_1_PURGE,2.57,1.69,0.73,1.01,0.92,0.5333333,0.04
4475027,72.267,Level_1_PURGE,2.57,1.69,0.73,1.01,0.92,0.53,0.04
4475292,72.532,Level_1_PURGE,2.57,1.69,0.73,1.01,0.92,0.53,0.04
4475545,72.785,Level_1_PURGE,2.57,1.69,0.73,1.01,0.92,0.52666664,0.04
4475804,73.044,Level_1_PURGE,2.57,1.69,0.73,1.01,0.92,0.5233333,0.04
4476091,73.331,Level_1_RECOVERY,2.57,1.69,0.73,1.01,0.92,0.52,0.04
4476346,73.586,Level_1_RECOVERY,2.57,1.69,0.73,1.01,0.92,0.52,0.04
4476600,73.84,Level_1_RECOVERY,2.57,1.69,0.73,1.01,0.92,0.52,0.04
4476862,74.102,Level_1_RECOVERY,2.57,1.69,0.73,1.01,0.92,0.52,0.04
4477118,74.358,Level_1_RECOVERY,2.57,1.69,0.73,1.01,0.92,0.51666665,0.04
4477374,74.614,Level_1_RECOVERY,2.57,1.69,0.73,1.01,0.92,0.5133333,0.04
4477625,74.865,Level_1_RECOVERY,2.57,1.69,0.73,1.01,0.92,0.51,0.04
4477877,75.117,Level_1_RECOVERY,2.57,1.69,0.73,1.01,0.92,0.50666666,0.04
4478133,75.373,Level_1_RECOVERY,2.57,1.69,0.73,1.01,0.92,0.50333333,0.04
4478396,75.636,Level_1_RECOVERY,2.57,1.69,0.73,1.01,0.92,0.5,0.04
4478650,75.89,Level_1_RECOVERY,2.57,1.69,0.73,1.01,0.92,0.5,0.04
4478907,76.147,Level_1_RECOVERY,2.57,1.69,0.73,1.0066667,0.92,0.5,0.04
4479160,76.4,Level_1_RECOVERY,2.57,1.69,0.73,1.0066667,0.92,0.5,0.04
4479412,76.652,Level_1_RECOVERY,2.57,1.69,0.73,1.0066667,0.92,0.5,0.04
4479671,76.911,Level_1_RECOVERY,2.57,1.69,0.73,1.0066667,0.92,0.49666667,0.04
4479921,77.161,Level_1_RECOVERY,2.57,1.69,0.73,1.0033333,0.92,0.49333334,0.04
4480176,77.416,Level_1_RECOVERY,2.57,1.69,0.73,1.0,0.92,0.49,0.04
4480427,77.667,Level_1_RECOVERY,2.57,1.69,0.73,1.0033333,0.92,0.49,0.04
4480679,77.919,Level_1_RECOVERY,2.57,1.69,0.73,1.0066667,0.92,0.49,0.04
4481076,78.316,Level_2_RAMP_UP,2.57,1.69,0.73,1.01,0.92,0.49,0.04
4481328,78.568,Level_2_RAMP_UP,2.57,1.69,0.73,1.01,0.92,0.49,0.04
4481587,78.827,Level_2_RAMP_UP,2.57,1.69,0.73,1.01,0.92,0.49,0.04
4481844,79.084,Level_2_RAMP_UP,2.57,1.69,0.73,1.01,0.92,0.49,0.04
4482095,79.335,Level_2_RAMP_UP,2.57,1.69,0.73,1.01,0.92,0.49,0.04
4482347,79.587,Level_2_RAMP_UP,2.57,1.69,0.73,1.0066667,0.92,0.49,0.04
4482600,79.84,Level_2_RAMP_UP,2.57,1.69,0.73,1.0066667,0.92,0.49,0.04
4482863,80.103,Level_2_RAMP_UP,2.57,1.69,0.73,1.0066667,0.92,0.49,0.04
4483116,80.356,Level_2_RAMP_UP,2.57,1.69,0.73,1.01,0.92,0.49,0.04
4483371,80.611,Level_2_RAMP_UP,2.5666666,1.6866666,0.73,1.01,0.92,0.49,0.04
4483624,80.864,Level_2_RAMP_UP,2.5666666,1.6866666,0.73,1.01,0.92,0.49,0.04
4483882,81.122,Level_2_RAMP_UP,2.5666666,1.6866666,0.73,1.01,0.92,0.49,0.04
4484189,81.429,Level_2_HOLD,2.57,1.69,0.73,1.01,0.92,0.49,0.04
4484448,81.688,Level_2_HOLD,2.57,1.69,0.73,1.01,0.92,0.49,0.04
4484710,81.95,Level_2_HOLD,2.57,1.69,0.73,1.01,0.92,0.49,0.04
4484972,82.212,Level_2_HOLD,2.57,1.69,0.73,1.01,0.92,0.49333334,0.04
4485236,82.476,Level_2_HOLD,2.57,1.69,0.73,1.01,0.92,0.49666667,0.04
4485498,82.738,Level_2_HOLD,2.57,1.69,0.73,1.0133333,0.92,0.5,0.04
4485747,82.987,Level_2_HOLD,2.57,1.69,0.73,1.0166667,0.92,0.5,0.04
4486003,83.243,Level_2_HOLD,2.57,1.69,0.73,1.02,0.92,0.5,0.04
4486267,83.507,Level_2_HOLD,2.57,1.69,0.73,1.02,0.92,0.50333333,0.04
4486516,83.756,Level_2_HOLD,2.57,1.69,0.73,1.02,0.92,0.50666666,0.04
4486779,84.019,Level_2_HOLD,2.57,1.69,0.73,1.02,0.92333335,0.51,0.04
4487047,84.287,Level_2_HOLD,2.57,1.69,0.73,1.02,0.92333335,0.5133333,0.04
4487300,84.54,Level_2_HOLD,2.57,1.69,0.73,1.02,0.92333335,0.51666665,0.04
4487558,84.798,Level_2_HOLD,2.57,1.69,0.73,1.02,0.92333335,0.52,0.04
4487820,85.06,Level_2_HOLD,2.57,1.69,0.73,1.02,0.9266667,0.52,0.04
4488076,85.316,Level_2_HOLD,2.57,1.69,0.73,1.02,0.93,0.52,0.04
4488329,85.569,Level_2_HOLD,2.57,1.69,0.73,1.02,0.93,0.5233333,0.04
4488591,85.831,Level_2_HOLD,2.57,1.69,0.73,1.02,0.93,0.52666664,0.04
4488838,86.078,Level_2_HOLD,2.57,1.69,0.73,1.02,0.93,0.53,0.04
4489100,86.34,Level_2_HOLD,2.57,1.69,0.73,1.02,0.93,0.53,0.04
4489361,86.601,Level_2_HOLD,2.57,1.69,0.73,1.02,0.93,0.5333333,0.04
4489611,86.851,Level_2_HOLD,2.57,1.69,0.73,1.02,0.93,0.53666663,0.04
4489877,87.117,Level_2_HOLD,2.57,1.69,0.73,1.02,0.93,0.54,0.04
4490129,87.369,Level_2_HOLD,2.57,1.69,0.73,1.02,0.93,0.54,0.04
4490383,87.623,Level_2_HOLD,2.57,1.69,0.73,1.02,0.93,0.54333335,0.04
4490630,87.87,Level_2_HOLD,2.57,1.69,0.73,1.02,0.93,0.5466667,0.04
4490896,88.136,Level_2_HOLD,2.57,1.69,0.73,1.02,0.93,0.55,0.04
4491152,88.392,Level_2_HOLD,2.57,1.69,0.73,1.02,0.93,0.55,0.04
4491415,88.655,Level_2_HOLD,2.57,1.69,0.73,1.02,0.93,0.55333334,0.04
4491670,88.91,Level_2_HOLD,2.57,1.69,0.73,1.02,0.93,0.5566667,0.04
4491922,89.162,Level_2_HOLD,2.57,1.69,0.73,1.02,0.93,0.56,0.04
4492175,89.415,Level_2_HOLD,2.57,1.69,0.73,1.02,0.93,0.56,0.04
4492430,89.67,Level_2_HOLD,2.57,1.69,0.73,1.02,0.93,0.56,0.04
4492684,89.924,Level_2_HOLD,2.57,1.69,0.73,1.02,0.93333334,0.56,0.04
4492937,90.177,Level_2_HOLD,2.57,1.69,0.73,1.02,0.93666667,0.56333333,0.04
4493201,90.441,Level_2_HOLD,2.57,1.69,0.73,1.02,0.94,0.56666666,0.04
4493463,90.703,Level_2_HOLD,2.57,1.69,0.73,1.02,0.94,0.57,0.04
4493727,90.967,Level_2_HOLD,2.57,1.69,0.73,1.02,0.94,0.57,0.04
4493979,91.219,Level_2_HOLD,2.57,1.69,0.73,1.02,0.94,0.57,0.04
4494230,91.47,Level_2_HOLD,2.57,1.69,0.73,1.02,0.94,0.5733333,0.04
4494495,91.735,Level_2_HOLD,2.57,1.69,0.73,1.02,0.94,0.57666665,0.04
4494748,91.988,Level_2_HOLD,2.57,1.69,0.73,1.02,0.94,0.58,0.04
4495006,92.246,Level_2_HOLD,2.57,1.69,0.73,1.02,0.94,0.58,0.04
4495267,92.507,Level_2_HOLD,2.57,1.69,0.73,1.02,0.94,0.58,0.04
4495524,92.764,Level_2_HOLD,2.57,1.69,0.73,1.02,0.94,0.5833333,0.04
4495786,93.026,Level_2_HOLD,2.57,1.69,0.73,1.02,0.94,0.58666664,0.04
4496045,93.285,Level_2_HOLD,2.57,1.69,0.73,1.02,0.94,0.59,0.04
4496316,93.556,Level_2_HOLD,2.57,1.69,0.73,1.02,0.94,0.59,0.04
4496571,93.811,Level_2_HOLD,2.57,1.69,0.73,1.02,0.94,0.59,0.04
4496832,94.072,Level_2_HOLD,2.57,1.69,0.73,1.02,0.94,0.59,0.04
4497099,94.339,Level_2_HOLD,2.57,1.69,0.73,1.02,0.94,0.59,0.04
4497353,94.593,Level_2_HOLD,2.57,1.69,0.73,1.02,0.94,0.5933333,0.04
4497609,94.849,Level_2_HOLD,2.57,1.69,0.73,1.02,0.94,0.5966667,0.04
4497869,95.109,Level_2_HOLD,2.57,1.69,0.73,1.02,0.94,0.6,0.04
4498121,95.361,Level_2_HOLD,2.57,1.69,0.73,1.02,0.94,0.6,0.04
4498382,95.622,Level_2_HOLD,2.57,1.69,0.73,1.02,0.94,0.6,0.04
4498642,95.882,Level_2_HOLD,2.57,1.69,0.73,1.02,0.94,0.6,0.04
4498898,96.138,Level_2_HOLD,2.57,1.69,0.73,1.02,0.94,0.60333335,0.04
4499153,96.393,Level_2_HOLD,2.57,1.69,0.73,1.02,0.94,0.6066667,0.04
4499403,96.643,Level_2_HOLD,2.57,1.69,0.73,1.02,0.94,0.61,0.04
4499653,96.893,Level_2_HOLD,2.57,1.69,0.73,1.02,0.94,0.61,0.04
4499911,97.151,Level_2_HOLD,2.57,1.69,0.73,1.02,0.94,0.61,0.04
4500169,97.409,Level_2_HOLD,2.57,1.69,0.73,1.02,0.9433333,0.61,0.04
4500423,97.663,Level_2_HOLD,2.57,1.69,0.73,1.02,0.9433333,0.61,0.04
4500681,97.921,Level_2_HOLD,2.57,1.69,0.73,1.02,0.94666666,0.61,0.04
4500940,98.18,Level_2_HOLD,2.57,1.69,0.73,1.02,0.94666666,0.61,0.04
4501198,98.438,Level_2_HOLD,2.57,1.69,0.73,1.02,0.94666666,0.61333334,0.04
4501465,98.705,Level_2_HOLD,2.57,1.69,0.73,1.02,0.9433333,0.6166667,0.04
4501728,98.968,Level_2_HOLD,2.57,1.69,0.73,1.02,0.9433333,0.62,0.04
4501980,99.22,Level_2_HOLD,2.57,1.69,0.73,1.02,0.94666666,0.62,0.04
4502239,99.479,Level_2_HOLD,2.57,1.69,0.73,1.02,0.95,0.62,0.04
4502491,99.731,Level_2_HOLD,2.57,1.69,0.73,1.02,0.95,0.62,0.04
4502747,99.987,Level_2_HOLD,2.57,1.69,0.73,1.02,0.95,0.62,0.04
4503010,100.25,Level_2_HOLD,2.57,1.69,0.73,1.02,0.95,0.62,0.04
4503267,100.507,Level_2_HOLD,2.57,1.69,0.73,1.02,0.95,0.62,0.04
4503520,100.76,Level_2_HOLD,2.57,1.69,0.73,1.02,0.95,0.62,0.04
4503773,101.013,Level_2_HOLD,2.57,1.69,0.73,1.02,0.95,0.62333333,0.04
4504281,101.521,Level_2_PURGE,2.57,1.69,0.73,1.02,0.95,0.62666667,0.04
4504546,101.786,Level_2_PURGE,2.57,1.69,0.73,1.02,0.95,0.63,0.04
4504804,102.044,Level_2_PURGE,2.57,1.69,0.73,1.02,0.95,0.63,0.04
4505067,102.307,Level_2_PURGE,2.57,1.69,0.73,1.02,0.95,0.63,0.04
4505317,102.557,Level_2_PURGE,2.57,1.69,0.73,1.02,0.95,0.63,0.04
4505570,102.81,Level_2_PURGE,2.57,1.69,0.73,1.02,0.95,0.63,0.04
4505822,103.062,Level_2_PURGE,2.57,1.69,0.73,1.02,0.95,0.63,0.04
4506075,103.315,Level_2_PURGE,2.57,1.69,0.73,1.02,0.95,0.6333333,0.04
4506334,103.574,Level_2_PURGE,2.57,1.69,0.73,1.02,0.95,0.63666666,0.04
4506587,103.827,Level_2_PURGE,2.57,1.69,0.73,1.02,0.95,0.64,0.04
4506854,104.094,Level_2_PURGE,2.57,1.69,0.73,1.02,0.95,0.64,0.04
4507108,104.348,Level_2_PURGE,2.57,1.69,0.73,1.02,0.95,0.64,0.04
4507364,104.604,Level_2_PURGE,2.57,1.69,0.73,1.02,0.95,0.6433333,0.04
4507630,104.87,Level_2_PURGE,2.57,1.69,0.73,1.02,0.95,0.64666665,0.04
4507891,105.131,Level_2_PURGE,2.57,1.69,0.73,1.02,0.95,0.65,0.04
4508149,105.389,Level_2_PURGE,2.57,1.69,0.73,1.02,0.95,0.65,0.04
4508414,105.654,Level_2_PURGE,2.57,1.69,0.73,1.02,0.95,0.65,0.04
4508680,105.92,Level_2_PURGE,2.57,1.69,0.73,1.02,0.95,0.65,0.04
4508939,106.179,Level_2_PURGE,2.57,1.69,0.73,1.02,0.95,0.65,0.04
4509196,106.436,Level_2_PURGE,2.57,1.69,0.73,1.02,0.95,0.65333337,0.04
4509445,106.685,Level_2_PURGE,2.57,1.69,0.73,1.02,0.95,0.6566667,0.04
4509706,106.946,Level_2_PURGE,2.57,1.69,0.73,1.02,0.95,0.66,0.04
4509957,107.197,Level_2_PURGE,2.57,1.69,0.73,1.02,0.95,0.66,0.04
4510205,107.445,Level_2_PURGE,2.57,1.69,0.73,1.02,0.95,0.66,0.04
4510462,107.702,Level_2_PURGE,2.57,1.69,0.73,1.02,0.95,0.66,0.04
4510725,107.965,Level_2_PURGE,2.57,1.69,0.73,1.02,0.95,0.66,0.04
4510982,108.222,Level_2_PURGE,2.57,1.69,0.73,1.02,0.95,0.66,0.04
4511234,108.474,Level_2_PURGE,2.57,1.69,0.73,1.02,0.95,0.66,0.04
4511486,108.726,Level_2_PURGE,2.57,1.69,0.73,1.02,0.95,0.66,0.04
4511738,108.978,Level_2_PURGE,2.57,1.69,0.73,1.02,0.95,0.66,0.04
4511991,109.231,Level_2_PURGE,2.57,1.69,0.73,1.02,0.95,0.66,0.04
4512252,109.492,Level_2_PURGE,2.57,1.69,0.73,1.02,0.95,0.66,0.04
4512501,109.741,Level_2_PURGE,2.57,1.69,0.73,1.02,0.95,0.66,0.04
4512762,110.002,Level_2_PURGE,2.57,1.69,0.73,1.02,0.95,0.66,0.04
4513025,110.265,Level_2_PURGE,2.57,1.69,0.73,1.02,0.95,0.66,0.04
4513284,110.524,Level_2_PURGE,2.57,1.69,0.73,1.02,0.95,0.66,0.04
4513534,110.774,Level_2_PURGE,2.57,1.69,0.73,1.02,0.95,0.66,0.04
4513800,111.04,Level_2_PURGE,2.57,1.69,0.73,1.02,0.95,0.66,0.04
4514059,111.299,Level_2_PURGE,2.57,1.69,0.73,1.02,0.95,0.66,0.04
4514332,111.572,Level_2_PURGE,2.57,1.69,0.73,1.02,0.95,0.66,0.04
4514592,111.832,Level_2_PURGE,2.57,1.69,0.73,1.02,0.95,0.66,0.04
4514847,112.087,Level_2_PURGE,2.57,1.69,0.73,1.02,0.95,0.66,0.04
4515105,112.345,Level_2_PURGE,2.57,1.69,0.73,1.02,0.95,0.66,0.04
4515368,112.608,Level_2_PURGE,2.57,1.69,0.73,1.02,0.95,0.6566667,0.04
4515633,112.873,Level_2_PURGE,2.57,1.69,0.73,1.02,0.95,0.6533333,0.04
4515882,113.122,Level_2_PURGE,2.57,1.69,0.73,1.02,0.95,0.65,0.04
4516137,113.377,Level_2_PURGE,2.57,1.69,0.73,1.02,0.95,0.65,0.04
4516399,113.639,Level_2_PURGE,2.57,1.69,0.73,1.02,0.95,0.65,0.04
4516663,113.903,Level_2_PURGE,2.57,1.69,0.73,1.02,0.95,0.65,0.04
4516918,114.158,Level_2_PURGE,2.57,1.69,0.73,1.02,0.95,0.65,0.04
4517179,114.419,Level_2_PURGE,2.57,1.69,0.73,1.02,0.95,0.65,0.04
4517436,114.676,Level_2_PURGE,2.57,1.69,0.73,1.02,0.95,0.65,0.04
4517690,114.93,Level_2_PURGE,2.57,1.69,0.73,1.02,0.95,0.65,0.04
4517950,115.19,Level_2_PURGE,2.57,1.69,0.73,1.02,0.95,0.65,0.04
4518215,115.455,Level_2_PURGE,2.57,1.69,0.73,1.02,0.95,0.65,0.04
4518471,115.711,Level_2_PURGE,2.57,1.69,0.73,1.02,0.95,0.64666665,0.04
4518730,115.97,Level_2_PURGE,2.57,1.69,0.73,1.02,0.95,0.6433333,0.04
4518996,116.236,Level_2_PURGE,2.57,1.69,0.73,1.02,0.95,0.64,0.04
4519258,116.498,Level_2_PURGE,2.57,1.69,0.73,1.02,0.95,0.64,0.04
4519522,116.762,Level_2_PURGE,2.57,1.69,0.73,1.02,0.95,0.64,0.04
4519786,117.026,Level_2_PURGE,2.57,1.69,0.73,1.02,0.95,0.64,0.04
4520046,117.286,Level_2_PURGE,2.57,1.69,0.73,1.02,0.95,0.64,0.04
4520298,117.538,Level_2_PURGE,2.57,1.69,0.73,1.02,0.95,0.64,0.04
4520551,117.791,Level_2_PURGE,2.57,1.69,0.73,1.02,0.95,0.64,0.04
4520811,118.051,Level_2_PURGE,2.57,1.69,0.73,1.02,0.95,0.64,0.04
4521068,118.308,Level_2_PURGE,2.57,1.69,0.73,1.02,0.95,0.63666666,0.04
4521333,118.573,Level_2_PURGE,2.57,1.69,0.73,1.02,0.94666666,0.6333333,0.04
4521600,118.84,Level_2_PURGE,2.57,1.69,0.73,1.02,0.9433333,0.63,0.04
4521861,119.101,Level_2_PURGE,2.57,1.69,0.73,1.02,0.94,0.63,0.04
4522111,119.351,Level_2_PURGE,2.57,1.69,0.73,1.02,0.94,0.63,0.04
4522370,119.61,Level_2_PURGE,2.57,1.69,0.73,1.02,0.94,0.62666667,0.04
4522642,119.882,Level_2_PURGE,2.57,1.69,0.73,1.02,0.94,0.62333333,0.04
4522892,120.132,Level_2_PURGE,2.57,1.69,0.73,1.02,0.94,0.62,0.04
4523155,120.395,Level_2_PURGE,2.57,1.69,0.73,1.02,0.94,0.62,0.04
4523402,120.642,Level_2_PURGE,2.57,1.69,0.73,1.02,0.94,0.62,0.04
4523662,120.902,Level_2_PURGE,2.57,1.69,0.73,1.02,0.94,0.62,0.04
4523912,121.152,Level_2_PURGE,2.57,1.69,0.73,1.02,0.94,0.6166667,0.04
4524161,121.401,Level_2_PURGE,2.57,1.69,0.73,1.02,0.94,0.61333334,0.04
4524416,121.656,Level_2_PURGE,2.57,1.69,0.73,1.02,0.94,0.61,0.04
4524669,121.909,Level_2_PURGE,2.57,1.69,0.73,1.02,0.94,0.61,0.04
4524920,122.16,Level_2_PURGE,2.57,1.69,0.73,1.02,0.94,0.61,0.04
4525174,122.414,Level_2_PURGE,2.57,1.69,0.73,1.02,0.94,0.6066667,0.04
4525434,122.674,Level_2_PURGE,2.57,1.69,0.73,1.02,0.94,0.60333335,0.04
4525690,122.93,Level_2_PURGE,2.57,1.69,0.73,1.02,0.94,0.6,0.04
4525946,123.186,Level_2_PURGE,2.57,1.69,0.73,1.02,0.94,0.6,0.04
4526210,123.45,Level_2_PURGE,2.57,1.69,0.73,1.02,0.94,0.59666663,0.04
4526474,123.714,Level_2_PURGE,2.57,1.69,0.73,1.02,0.94,0.5933333,0.04
4526736,123.976,Level_2_PURGE,2.57,1.69,0.73,1.02,0.93666667,0.59,0.04
4527003,124.243,Level_2_PURGE,2.57,1.69,0.73,1.02,0.93666667,0.58666664,0.04
4527264,124.504,Level_2_PURGE,2.57,1.69,0.73,1.02,0.93333334,0.5833333,0.04
4527515,124.755,Level_2_PURGE,2.57,1.69,0.73,1.02,0.93333334,0.58,0.04
4527774,125.014,Level_2_PURGE,2.57,1.69,0.73,1.02,0.93,0.58,0.04
4528030,125.27,Level_2_PURGE,2.57,1.69,0.73,1.02,0.93,0.58,0.04
4528295,125.535,Level_2_PURGE,2.57,1.69,0.73,1.02,0.93,0.57666665,0.04
4528553,125.793,Level_2_PURGE,2.57,1.69,0.73,1.02,0.93,0.5733333,0.04
4528806,126.046,Level_2_PURGE,2.57,1.69,0.73,1.02,0.93,0.57,0.04
4529063,126.303,Level_2_PURGE,2.57,1.69,0.73,1.02,0.93,0.56666666,0.04
4529319,126.559,Level_2_PURGE,2.57,1.69,0.73,1.02,0.93,0.56333333,0.04
4529570,126.81,Level_2_PURGE,2.57,1.69,0.73,1.02,0.93,0.56,0.04
4529820,127.06,Level_2_PURGE,2.57,1.69,0.73,1.02,0.93,0.56,0.04
4530082,127.322,Level_2_PURGE,2.57,1.69,0.73,1.0166667,0.93,0.56,0.04
4530339,127.579,Level_2_PURGE,2.57,1.69,0.73,1.0133333,0.93,0.5566667,0.04
4530589,127.829,Level_2_PURGE,2.57,1.69,0.73,1.01,0.93,0.55333334,0.04
4530838,128.078,Level_2_PURGE,2.57,1.69,0.73,1.01,0.93,0.55,0.04
4531102,128.342,Level_2_PURGE,2.57,1.69,0.73,1.01,0.93,0.55,0.04
4531363,128.603,Level_2_PURGE,2.57,1.69,0.73,1.01,0.93,0.55,0.04
4531615,128.855,Level_2_PURGE,2.57,1.69,0.73,1.01,0.93,0.5466667,0.04
4531868,129.108,Level_2_PURGE,2.57,1.69,0.73,1.01,0.93,0.54333335,0.04
4532130,129.37,Level_2_PURGE,2.57,1.69,0.73,1.01,0.93,0.54,0.04
4532396,129.636,Level_2_PURGE,2.57,1.69,0.73,1.01,0.93,0.54,0.04
4532647,129.887,Level_2_PURGE,2.57,1.69,0.73,1.01,0.93,0.5366667,0.04
4532904,130.144,Level_2_PURGE,2.57,1.69,0.73,1.01,0.93,0.5333333,0.04
4533172,130.412,Level_2_PURGE,2.57,1.69,0.73,1.01,0.93,0.53,0.04
4533423,130.663,Level_2_PURGE,2.57,1.69,0.73,1.01,0.93,0.53,0.04
4533689,130.929,Level_2_PURGE,2.57,1.69,0.73,1.01,0.93,0.53,0.04
4533951,131.191,Level_2_PURGE,2.57,1.69,0.73,1.01,0.9266667,0.52666664,0.04
4534211,131.451,Level_2_PURGE,2.57,1.69,0.73,1.01,0.92333335,0.5233333,0.04
4534463,131.703,Level_2_PURGE,2.57,1.69,0.73,1.01,0.92,0.52,0.04
4534713,131.953,Level_2_PURGE,2.57,1.69,0.73,1.01,0.92,0.52,0.04
4534978,132.218,Level_2_PURGE,2.57,1.69,0.73,1.01,0.92,0.52,0.04
4535238,132.478,Level_2_PURGE,2.57,1.69,0.73,1.01,0.92333335,0.52,0.04
4535494,132.734,Level_2_PURGE,2.57,1.69,0.73,1.01,0.92333335,0.51666665,0.04
4535750,132.99,Level_2_PURGE,2.57,1.69,0.73,1.01,0.92333335,0.5133333,0.04
4536008,133.248,Level_2_PURGE,2.57,1.69,0.73,1.01,0.92,0.51,0.04
4536256,133.496,Level_2_PURGE,2.57,1.69,0.73,1.01,0.92,0.51,0.04
4536510,133.75,Level_2_PURGE,2.57,1.69,0.73,1.01,0.92,0.51,0.04
4536763,134.003,Level_2_PURGE,2.57,1.69,0.73,1.01,0.92,0.50666666,0.04
4537025,134.265,Level_2_PURGE,2.57,1.69,0.73,1.01,0.92,0.50333333,0.04
4537278,134.518,Level_2_PURGE,2.57,1.69,0.73,1.01,0.92,0.5,0.04
4537540,134.78,Level_2_PURGE,2.57,1.69,0.73,1.01,0.92,0.5,0.04
4537790,135.03,Level_2_PURGE,2.57,1.69,0.73,1.01,0.92,0.5,0.04
4538052,135.292,Level_2_PURGE,2.57,1.69,0.73,1.01,0.92,0.5,0.04
4538313,135.553,Level_2_PURGE,2.57,1.69,0.73,1.0066667,0.92,0.5,0.04
4538575,135.815,Level_2_PURGE,2.57,1.69,0.73,1.0033333,0.92,0.49666667,0.04
4538830,136.07,Level_2_PURGE,2.57,1.69,0.73,1.0,0.92,0.49333334,0.04
4539086,136.326,Level_2_PURGE,2.57,1.69,0.73,1.0,0.92,0.49,0.04
4539337,136.577,Level_2_PURGE,2.57,1.69,0.73,1.0,0.92,0.49,0.04
4539592,136.832,Level_2_PURGE,2.57,1.69,0.73,1.0,0.92,0.49,0.04
4539846,137.086,Level_2_PURGE,2.57,1.69,0.73,1.0,0.92,0.49,0.04
4540102,137.342,Level_2_PURGE,2.57,1.69,0.73,1.0,0.92,0.49,0.04
4540366,137.606,Level_2_PURGE,2.57,1.69,0.73,1.0,0.92,0.48666668,0.04
4540613,137.853,Level_2_PURGE,2.57,1.69,0.73,1.0,0.92,0.48333335,0.04
4540870,138.11,Level_2_PURGE,2.57,1.69,0.73,1.0,0.92,0.48,0.04
4541124,138.364,Level_2_PURGE,2.57,1.69,0.73,1.0,0.92,0.48,0.04
4541382,138.622,Level_2_PURGE,2.57,1.69,0.73,1.0,0.92,0.48,0.04
4541640,138.88,Level_2_PURGE,2.57,1.69,0.73,1.0,0.92,0.47666666,0.04
4541897,139.137,Level_2_PURGE,2.57,1.69,0.73,1.0,0.92,0.47333333,0.04
4542147,139.387,Level_2_PURGE,2.57,1.69,0.73,1.0,0.92,0.47,0.04
4542412,139.652,Level_2_PURGE,2.5533333,1.6766667,0.7266667,1.0,0.92,0.47,0.04
4542680,139.92,Level_2_PURGE,2.5533333,1.6766667,0.7266667,1.0,0.92,0.47,0.04
4542942,140.182,Level_2_PURGE,2.5533333,1.6766667,0.7266667,1.0,0.92,0.47,0.04
4543192,140.432,Level_2_PURGE,2.57,1.69,0.73,1.0,0.92,0.47,0.04
4543449,140.689,Level_2_PURGE,2.57,1.69,0.73,1.0,0.92,0.47,0.04
4543716,140.956,Level_2_PURGE,2.57,1.69,0.73,1.0,0.9166667,0.46666667,0.04
4544185,141.425,Level_2_RECOVERY,2.57,1.69,0.73,1.0,0.91333336,0.46333334,0.04
4544443,141.683,Level_2_RECOVERY,2.57,1.69,0.73,1.0,0.91,0.46,0.04
4544710,141.95,Level_2_RECOVERY,2.57,1.69,0.73,1.0,0.91,0.46,0.04
4544964,142.204,Level_2_RECOVERY,2.57,1.69,0.73,1.0,0.91,0.46,0.04
4545216,142.456,Level_2_RECOVERY,2.57,1.69,0.73,1.0,0.91,0.46,0.04
4545466,142.706,Level_2_RECOVERY,2.57,1.69,0.73,1.0,0.91,0.46,0.04
4545721,142.961,Level_2_RECOVERY,2.57,1.69,0.73,1.0,0.91,0.46,0.04
4545980,143.22,Level_2_RECOVERY,2.57,1.69,0.73,1.0,0.91,0.45666668,0.04
4546238,143.478,Level_2_RECOVERY,2.57,1.69,0.73,1.0,0.91,0.4533333,0.04
4546498,143.738,Level_2_RECOVERY,2.57,1.69,0.73,1.0,0.91,0.44999996,0.04
4546756,143.996,Level_2_RECOVERY,2.57,1.69,0.73,1.0,0.91,0.44999996,0.04
4547025,144.265,Level_2_RECOVERY,2.57,1.69,0.73,1.0,0.91,0.44999996,0.04
4547283,144.523,Level_2_RECOVERY,2.57,1.69,0.73,1.0,0.91,0.44999996,0.04
4547543,144.783,Level_2_RECOVERY,2.57,1.69,0.73,1.0,0.91,0.44999996,0.04
4547807,145.047,Level_2_RECOVERY,2.57,1.69,0.73,1.0,0.91,0.44666663,0.04
4548069,145.309,Level_2_RECOVERY,2.57,1.69,0.73,1.0,0.91,0.4433333,0.04
4548324,145.564,Level_2_RECOVERY,2.57,1.69,0.73,0.99666667,0.91,0.43999997,0.04
4548583,145.823,Level_2_RECOVERY,2.57,1.69,0.73,0.99333334,0.91,0.43999997,0.04
4548847,146.087,Level_2_RECOVERY,2.57,1.69,0.73,0.99,0.91,0.43999997,0.04
4549162,146.402,Level_3_RAMP_UP,2.57,1.69,0.73,0.99,0.91,0.43999997,0.04
4549416,146.656,Level_3_RAMP_UP,2.57,1.69,0.73,0.99,0.91,0.43999997,0.04
4549675,146.915,Level_3_RAMP_UP,2.57,1.69,0.73,0.99333334,0.91,0.43999997,0.04
4549932,147.172,Level_3_RAMP_UP,2.57,1.69,0.73,0.99333334,0.91,0.43999997,0.04
4550198,147.438,Level_3_RAMP_UP,2.57,1.69,0.73,0.99333334,0.91,0.43999997,0.04
4550452,147.692,Level_3_RAMP_UP,2.57,1.69,0.73,0.99,0.91,0.43999997,0.04
4550708,147.948,Level_3_RAMP_UP,2.57,1.69,0.73,0.99,0.91,0.43999997,0.04
4550972,148.212,Level_3_RAMP_UP,2.57,1.69,0.73,0.99,0.91,0.43999997,0.04
4551224,148.464,Level_3_RAMP_UP,2.57,1.69,0.73,0.99,0.91,0.43999997,0.04
4551482,148.722,Level_3_RAMP_UP,2.57,1.69,0.73,0.99,0.91,0.43999997,0.04
4551743,148.983,Level_3_RAMP_UP,2.57,1.69,0.73,0.99333334,0.91,0.43999997,0.04
4552206,149.446,Level_3_HOLD,2.57,1.69,0.73,0.99666667,0.91,0.43999997,0.04
4552463,149.703,Level_3_HOLD,2.57,1.69,0.73,1.0,0.91,0.43999997,0.04
4552716,149.956,Level_3_HOLD,2.57,1.69,0.73,1.0,0.91,0.4433333,0.04
4552971,150.211,Level_3_HOLD,2.57,1.69,0.73,1.0,0.91,0.44666663,0.04
4553222,150.462,Level_3_HOLD,2.57,1.69,0.73,1.0,0.91,0.44999996,0.04
4553474,150.714,Level_3_HOLD,2.57,1.69,0.73,1.0,0.91,0.44999996,0.04
4553737,150.977,Level_3_HOLD,2.57,1.69,0.73,1.0,0.91333336,0.45333335,0.04
4553994,151.234,Level_3_HOLD,2.57,1.69,0.73,1.0033333,0.9166667,0.45666668,0.04
4554258,151.498,Level_3_HOLD,2.57,1.69,0.73,1.0066667,0.92,0.46,0.04
4554516,151.756,Level_3_HOLD,2.57,1.69,0.73,1.01,0.92,0.46,0.04
4554778,152.018,Level_3_HOLD,2.57,1.69,0.73,1.01,0.92,0.46,0.04
4555034,152.274,Level_3_HOLD,2.57,1.69,0.73,1.01,0.92,0.46333334,0.04
4555289,152.529,Level_3_HOLD,2.57,1.69,0.73,1.01,0.92,0.46666667,0.04
4555550,152.79,Level_3_HOLD,2.57,1.69,0.73,1.01,0.92,0.47,0.04
4555809,153.049,Level_3_HOLD,2.57,1.69,0.73,1.01,0.92,0.47,0.04
4556061,153.301,Level_3_HOLD,2.57,1.69,0.73,1.01,0.92,0.47,0.04
4556326,153.566,Level_3_HOLD,2.57,1.69,0.73,1.01,0.92,0.47,0.04
4556583,153.823,Level_3_HOLD,2.57,1.69,0.73,1.01,0.92,0.47333333,0.04
4556833,154.073,Level_3_HOLD,2.57,1.69,0.73,1.01,0.92,0.47666666,0.04
4557097,154.337,Level_3_HOLD,2.57,1.69,0.73,1.01,0.92,0.48,0.04
4557357,154.597,Level_3_HOLD,2.57,1.69,0.73,1.01,0.92,0.48,0.04
4557615,154.855,Level_3_HOLD,2.57,1.69,0.73,1.01,0.92,0.48,0.04
4557880,155.12,Level_3_HOLD,2.57,1.69,0.73,1.01,0.92,0.48333335,0.04
4558130,155.37,Level_3_HOLD,2.57,1.69,0.73,1.01,0.92,0.48666668,0.04
4558384,155.624,Level_3_HOLD,2.57,1.69,0.73,1.01,0.92,0.49,0.04
4558639,155.879,Level_3_HOLD,2.57,1.69,0.73,1.01,0.92,0.49,0.04
4558907,156.147,Level_3_HOLD,2.57,1.69,0.73,1.01,0.92,0.49,0.04
4559164,156.404,Level_3_HOLD,2.57,1.69,0.73,1.0133333,0.92,0.49,0.04
4559427,156.667,Level_3_HOLD,2.57,1.69,0.73,1.0133333,0.92,0.49,0.04
4559689,156.929,Level_3_HOLD,2.57,1.69,0.73,1.0166667,0.92333335,0.49333334,0.04
4559944,157.184,Level_3_HOLD,2.57,1.69,0.73,1.0166667,0.9266667,0.49666667,0.04
4560198,157.438,Level_3_HOLD,2.57,1.69,0.73,1.02,0.93,0.5,0.04
4560455,157.695,Level_3_HOLD,2.57,1.69,0.73,1.02,0.93,0.5,0.04
4560723,157.963,Level_3_HOLD,2.57,1.69,0.73,1.02,0.93,0.5,0.04
4560981,158.221,Level_3_HOLD,2.57,1.69,0.73,1.02,0.93,0.5,0.04
4561240,158.48,Level_3_HOLD,2.57,1.69,0.73,1.02,0.93,0.5,0.04
4561505,158.745,Level_3_HOLD,2.57,1.69,0.73,1.02,0.93,0.50333333,0.04
4561772,159.012,Level_3_HOLD,2.57,1.69,0.73,1.02,0.93,0.50666666,0.04
4562027,159.267,Level_3_HOLD,2.57,1.69,0.73,1.02,0.93,0.51,0.04
4562292,159.532,Level_3_HOLD,2.57,1.69,0.73,1.02,0.93,0.51,0.04
4562543,159.783,Level_3_HOLD,2.57,1.69,0.73,1.02,0.93,0.51,0.04
4562804,160.044,Level_3_HOLD,2.57,1.69,0.73,1.02,0.93,0.5133333,0.04
4563063,160.303,Level_3_HOLD,2.57,1.69,0.73,1.02,0.93,0.51666665,0.04
4563329,160.569,Level_3_HOLD,2.57,1.69,0.73,1.02,0.93,0.52,0.04
4563588,160.828,Level_3_HOLD,2.57,1.69,0.73,1.02,0.93,0.52,0.04
4563852,161.092,Level_3_HOLD,2.57,1.69,0.73,1.02,0.93,0.52,0.04
4564114,161.354,Level_3_HOLD,2.57,1.69,0.73,1.02,0.93,0.52,0.04
4564377,161.617,Level_3_HOLD,2.57,1.69,0.73,1.02,0.93,0.52,0.04
4564638,161.878,Level_3_HOLD,2.57,1.69,0.73,1.02,0.93,0.52,0.04
4564902,162.142,Level_3_HOLD,2.57,1.69,0.73,1.02,0.93,0.52,0.04
4565150,162.39,Level_3_HOLD,2.57,1.69,0.73,1.02,0.93,0.52,0.04
4565408,162.648,Level_3_HOLD,2.57,1.69,0.73,1.02,0.93,0.5233333,0.04
4565668,162.908,Level_3_HOLD,2.57,1.69,0.73,1.02,0.93,0.52666664,0.04
4565923,163.163,Level_3_HOLD,2.57,1.69,0.73,1.02,0.93,0.53,0.04
4566190,163.43,Level_3_HOLD,2.57,1.69,0.73,1.02,0.93,0.53,0.04
4566442,163.682,Level_3_HOLD,2.57,1.69,0.73,1.02,0.93,0.53,0.04
4566696,163.936,Level_3_HOLD,2.57,1.69,0.73,1.02,0.93,0.53,0.04
4566960,164.2,Level_3_HOLD,2.57,1.69,0.73,1.02,0.93,0.53,0.04
4567212,164.452,Level_3_HOLD,2.57,1.69,0.73,1.02,0.93,0.53,0.04
4567470,164.71,Level_3_HOLD,2.57,1.69,0.73,1.02,0.93333334,0.53,0.04
4567729,164.969,Level_3_HOLD,2.57,1.69,0.73,1.02,0.93666667,0.53,0.04
4567984,165.224,Level_3_HOLD,2.57,1.69,0.73,1.02,0.94,0.5333333,0.04
4568240,165.48,Level_3_HOLD,2.57,1.69,0.73,1.02,0.94,0.53666663,0.04
4568487,165.727,Level_3_HOLD,2.57,1.69,0.73,1.02,0.94,0.54,0.04
4568746,165.986,Level_3_HOLD,2.57,1.69,0.73,1.02,0.94,0.54,0.04
4569008,166.248,Level_3_HOLD,2.57,1.69,0.73,1.02,0.94,0.54,0.04
4569262,166.502,Level_3_HOLD,2.57,1.69,0.73,1.02,0.94,0.54,0.04
4569514,166.754,Level_3_HOLD,2.57,1.69,0.73,1.02,0.94,0.54,0.04
4569777,167.017,Level_3_HOLD,2.57,1.69,0.73,1.02,0.94,0.54,0.04
4570031,167.271,Level_3_HOLD,2.57,1.69,0.73,1.02,0.94,0.54,0.04
4570284,167.524,Level_3_HOLD,2.57,1.69,0.73,1.02,0.94,0.54,0.04
4570538,167.778,Level_3_HOLD,2.57,1.69,0.73,1.02,0.94,0.54,0.04
4570787,168.027,Level_3_HOLD,2.57,1.69,0.73,1.02,0.94,0.54333335,0.04
4571045,168.285,Level_3_HOLD,2.57,1.69,0.73,1.02,0.94,0.5466667,0.04
4571301,168.541,Level_3_HOLD,2.57,1.69,0.73,1.02,0.94,0.55,0.04
4571553,168.793,Level_3_HOLD,2.57,1.69,0.73,1.02,0.94,0.55,0.04
4571812,169.052,Level_3_HOLD,2.57,1.69,0.73,1.02,0.94,0.55,0.04
4572299,169.539,Level_3_PURGE,2.57,1.69,0.73,1.02,0.94,0.55,0.04
4572548,169.788,Level_3_PURGE,2.57,1.69,0.73,1.02,0.94,0.55,0.04
4572800,170.04,Level_3_PURGE,2.57,1.69,0.73,1.02,0.94,0.55,0.04
4573054,170.294,Level_3_PURGE,2.57,1.69,0.73,1.02,0.94,0.55,0.04
4573314,170.554,Level_3_PURGE,2.57,1.69,0.73,1.02,0.94,0.55,0.04
4573580,170.82,Level_3_PURGE,2.57,1.69,0.73,1.02,0.94,0.55,0.04
4573839,171.079,Level_3_PURGE,2.57,1.69,0.73,1.02,0.94,0.55,0.04
4574093,171.333,Level_3_PURGE,2.57,1.69,0.73,1.02,0.94,0.55,0.04
4574353,171.593,Level_3_PURGE,2.57,1.69,0.73,1.02,0.94,0.55333334,0.04
4574608,171.848,Level_3_PURGE,2.57,1.69,0.73,1.02,0.94,0.5566667,0.04
4574863,172.103,Level_3_PURGE,2.57,1.69,0.73,1.02,0.94,0.56,0.04
4575113,172.353,Level_3_PURGE,2.57,1.69,0.73,1.02,0.94,0.56,0.04
4575373,172.613,Level_3_PURGE,2.57,1.69,0.73,1.02,0.94,0.56,0.04
4575635,172.875,Level_3_PURGE,2.57,1.69,0.73,1.02,0.94,0.56,0.04
4575895,173.135,Level_3_PURGE,2.57,1.69,0.73,1.02,0.94,0.56,0.04
4576149,173.389,Level_3_PURGE,2.57,1.69,0.73,1.02,0.94,0.56,0.04
4576405,173.645,Level_3_PURGE,2.57,1.69,0.73,1.02,0.94,0.56333333,0.04
4576657,173.897,Level_3_PURGE,2.57,1.69,0.73,1.02,0.94,0.56666666,0.04
4576907,174.147,Level_3_PURGE,2.57,1.69,0.73,1.02,0.94,0.57,0.04
4577158,174.398,Level_3_PURGE,2.57,1.69,0.73,1.02,0.94,0.57,0.04
4577423,174.663,Level_3_PURGE,2.57,1.69,0.73,1.02,0.94,0.57,0.04
4577670,174.91,Level_3_PURGE,2.57,1.69,0.73,1.02,0.94,0.57,0.04
4577935,175.175,Level_3_PURGE,2.57,1.69,0.73,1.02,0.94,0.57,0.04
4578197,175.437,Level_3_PURGE,2.57,1.69,0.73,1.02,0.94,0.57,0.04
4578459,175.699,Level_3_PURGE,2.57,1.69,0.73,1.02,0.94,0.57,0.04
4578716,175.956,Level_3_PURGE,2.57,1.69,0.73,1.02,0.94,0.57,0.04
4578977,176.217,Level_3_PURGE,2.57,1.69,0.73,1.02,0.94,0.57,0.04
4579239,176.479,Level_3_PURGE,2.57,1.69,0.73,1.02,0.94,0.57,0.04
4579495,176.735,Level_3_PURGE,2.57,1.69,0.73,1.02,0.94,0.57,0.04
4579751,176.991,Level_3_PURGE,2.57,1.69,0.73,1.02,0.94,0.57,0.04
4580004,177.244,Level_3_PURGE,2.57,1.69,0.73,1.02,0.94,0.57,0.04
4580255,177.495,Level_3_PURGE,2.57,1.69,0.73,1.02,0.94,0.57,0.04
4580507,177.747,Level_3_PURGE,2.57,1.69,0.73,1.02,0.94,0.57,0.04
4580769,178.009,Level_3_PURGE,2.57,1.69,0.73,1.02,0.94,0.57,0.04
4581025,178.265,Level_3_PURGE,2.57,1.69,0.73,1.02,0.94,0.57,0.04
4581279,178.519,Level_3_PURGE,2.57,1.69,0.73,1.02,0.94,0.57,0.04
4581544,178.784,Level_3_PURGE,2.57,1.69,0.73,1.02,0.94,0.57,0.04
4581793,179.033,Level_3_PURGE,2.57,1.69,0.73,1.02,0.94,0.57,0.04
4582049,179.289,Level_3_PURGE,2.57,1.69,0.73,1.02,0.94,0.57,0.04
4582302,179.542,Level_3_PURGE,2.57,1.69,0.73,1.02,0.94,0.57,0.04
4582555,179.795,Level_3_PURGE,2.57,1.69,0.73,1.02,0.94,0.56666666,0.04
4582803,180.043,Level_3_PURGE,2.57,1.69,0.73,1.02,0.94,0.56333333,0.04
4583071,180.311,Level_3_PURGE,2.57,1.69,0.73,1.02,0.94,0.56,0.04
4583324,180.564,Level_3_PURGE,2.57,1.69,0.73,1.02,0.94,0.56,0.04
4583574,180.814,Level_3_PURGE,2.57,1.69,0.73,1.02,0.94,0.56,0.04
4583827,181.067,Level_3_PURGE,2.57,1.69,0.73,1.02,0.94,0.56,0.04
4584081,181.321,Level_3_PURGE,2.57,1.69,0.73,1.02,0.94,0.56,0.04
4584331,181.571,Level_3_PURGE,2.57,1.69,0.73,1.02,0.94,0.56,0.04
4584586,181.826,Level_3_PURGE,2.57,1.69,0.73,1.02,0.94,0.56,0.04
4584855,182.095,Level_3_PURGE,2.57,1.69,0.73,1.02,0.94,0.56,0.04
4585115,182.355,Level_3_PURGE,2.57,1.69,0.73,1.02,0.94,0.56,0.04
4585372,182.612,Level_3_PURGE,2.57,1.69,0.73,1.02,0.94,0.56,0.04
4585625,182.865,Level_3_PURGE,2.57,1.69,0.73,1.02,0.94,0.56,0.04
4585878,183.118,Level_3_PURGE,2.57,1.69,0.73,1.02,0.94,0.56,0.04
4586136,183.376,Level_3_PURGE,2.57,1.69,0.73,1.02,0.94,0.5566667,0.04
4586401,183.641,Level_3_PURGE,2.57,1.69,0.73,1.02,0.94,0.55333334,0.04
4586656,183.896,Level_3_PURGE,2.57,1.69,0.73,1.02,0.94,0.55,0.04
4586914,184.154,Level_3_PURGE,2.57,1.69,0.73,1.02,0.94,0.55,0.04
4587176,184.416,Level_3_PURGE,2.57,1.69,0.73,1.02,0.94,0.55,0.04
4587443,184.683,Level_3_PURGE,2.57,1.69,0.73,1.02,0.94,0.55,0.04
4587706,184.946,Level_3_PURGE,2.57,1.69,0.73,1.02,0.94,0.55,0.04
4587955,185.195,Level_3_PURGE,2.57,1.69,0.73,1.02,0.94,0.55,0.04
4588209,185.449,Level_3_PURGE,2.57,1.69,0.73,1.02,0.94,0.5466667,0.04
4588464,185.704,Level_3_PURGE,2.57,1.69,0.73,1.02,0.94,0.54333335,0.04
4588722,185.962,Level_3_PURGE,2.57,1.69,0.73,1.02,0.93666667,0.54,0.04
4588987,186.227,Level_3_PURGE,2.57,1.69,0.73,1.02,0.93333334,0.54,0.04
4589237,186.477,Level_3_PURGE,2.57,1.69,0.73,1.02,0.93,0.54,0.04
4589502,186.742,Level_3_PURGE,2.57,1.69,0.73,1.02,0.93,0.54,0.04
4589767,187.007,Level_3_PURGE,2.57,1.69,0.73,1.02,0.93,0.54,0.04
4590020,187.26,Level_3_PURGE,2.57,1.69,0.73,1.02,0.93,0.5366667,0.04
4590270,187.51,Level_3_PURGE,2.57,1.69,0.73,1.02,0.93,0.5333333,0.04
4590533,187.773,Level_3_PURGE,2.57,1.69,0.73,1.02,0.93,0.53,0.04
4590787,188.027,Level_3_PURGE,2.57,1.69,0.73,1.02,0.93,0.53,0.04
4591053,188.293,Level_3_PURGE,2.57,1.69,0.73,1.02,0.93,0.53,0.04
4591304,188.544,Level_3_PURGE,2.57,1.69,0.73,1.02,0.93,0.53,0.04
4591566,188.806,Level_3_PURGE,2.57,1.69,0.73,1.02,0.93,0.53,0.04
4591823,189.063,Level_3_PURGE,2.57,1.69,0.73,1.02,0.93,0.52666664,0.04
4592074,189.314,Level_3_PURGE,2.57,1.69,0.73,1.02,0.93,0.5233333,0.04
4592325,189.565,Level_3_PURGE,2.57,1.69,0.73,1.0166667,0.93,0.52,0.04
4592576,189.816,Level_3_PURGE,2.57,1.69,0.73,1.0133333,0.93,0.52,0.04
4592840,190.08,Level_3_PURGE,2.57,1.69,0.73,1.01,0.93,0.52,0.04
4593102,190.342,Level_3_PURGE,2.57,1.69,0.73,1.01,0.93,0.52,0.04
4593365,190.605,Level_3_PURGE,2.57,1.69,0.73,1.01,0.93,0.52,0.04
4593629,190.869,Level_3_PURGE,2.57,1.69,0.73,1.01,0.93,0.52,0.04
4593894,191.134,Level_3_PURGE,2.57,1.69,0.73,1.01,0.93,0.51666665,0.04
4594145,191.385,Level_3_PURGE,2.57,1.69,0.73,1.01,0.93,0.5133333,0.04
4594404,191.644,Level_3_PURGE,2.57,1.69,0.73,1.01,0.93,0.51,0.04
4594653,191.893,Level_3_PURGE,2.57,1.69,0.73,1.01,0.93,0.50666666,0.04
4594914,192.154,Level_3_PURGE,2.57,1.69,0.73,1.01,0.93,0.50333333,0.04
4595163,192.403,Level_3_PURGE,2.57,1.69,0.73,1.01,0.93,0.5,0.04
4595418,192.658,Level_3_PURGE,2.57,1.69,0.73,1.01,0.9266667,0.5,0.04
4595678,192.918,Level_3_PURGE,2.57,1.69,0.73,1.01,0.9266667,0.5,0.04
4595939,193.179,Level_3_PURGE,2.57,1.69,0.73,1.01,0.9266667,0.5,0.04
4596195,193.435,Level_3_PURGE,2.57,1.69,0.73,1.01,0.9266667,0.49666667,0.04
4596446,193.686,Level_3_PURGE,2.57,1.69,0.73,1.01,0.92333335,0.49333334,0.04
4596697,193.937,Level_3_PURGE,2.57,1.69,0.73,1.01,0.92,0.49,0.04
4596957,194.197,Level_3_PURGE,2.57,1.69,0.73,1.01,0.92,0.49,0.04
4597211,194.451,Level_3_PURGE,2.57,1.69,0.73,1.0066667,0.92,0.49,0.04
4597468,194.708,Level_3_PURGE,2.57,1.69,0.73,1.0033333,0.92,0.48666668,0.04
4597722,194.962,Level_3_PURGE,2.57,1.69,0.73,1.0033333,0.92,0.48333335,0.04
4597975,195.215,Level_3_PURGE,2.57,1.69,0.73,1.0033333,0.92,0.48,0.04
4598226,195.466,Level_3_PURGE,2.57,1.69,0.73,1.0033333,0.92,0.48,0.04
4598488,195.728,Level_3_PURGE,2.57,1.69,0.73,1.0,0.92,0.47666666,0.04
4598748,195.988,Level_3_PURGE,2.57,1.69,0.73,1.0,0.92,0.47333333,0.04
4599012,196.252,Level_3_PURGE,2.57,1.69,0.73,1.0,0.92,0.47,0.04
4599273,196.513,Level_3_PURGE,2.57,1.69,0.73,1.0,0.92,0.47,0.04
4599536,196.776,Level_3_PURGE,2.57,1.69,0.73,1.0,0.92,0.47,0.04
4599791,197.031,Level_3_PURGE,2.57,1.69,0.73,1.0,0.92,0.46666667,0.04
4600046,197.286,Level_3_PURGE,2.57,1.69,0.73,1.0,0.92,0.46333334,0.04
4600305,197.545,Level_3_PURGE,2.57,1.69,0.73,1.0,0.92,0.46,0.04
4600567,197.807,Level_3_PURGE,2.57,1.69,0.73,1.0,0.92,0.46,0.04
4600821,198.061,Level_3_PURGE,2.57,1.69,0.73,1.0,0.92,0.45666668,0.04
4601069,198.309,Level_3_PURGE,2.57,1.69,0.73,1.0,0.92,0.4533333,0.04
4601321,198.561,Level_3_PURGE,2.57,1.69,0.73,1.0,0.9166667,0.44999996,0.04
4601589,198.829,Level_3_PURGE,2.57,1.69,0.73,1.0,0.91333336,0.44999996,0.04
4601841,199.081,Level_3_PURGE,2.57,1.69,0.73,0.99666667,0.91,0.44999996,0.04
4602106,199.346,Level_3_PURGE,2.57,1.69,0.73,0.99666667,0.91,0.44666663,0.04
4602354,199.594,Level_3_PURGE,2.57,1.69,0.73,0.99333334,0.91,0.4433333,0.04
4602612,199.852,Level_3_PURGE,2.57,1.69,0.73,0.99333334,0.91,0.43999997,0.036666665
4602866,200.106,Level_3_PURGE,2.57,1.69,0.73,0.99,0.91,0.43999997,0.036666665
4603130,200.37,Level_3_PURGE,2.57,1.69,0.73,0.99,0.91,0.43999997,0.036666665
4603385,200.625,Level_3_PURGE,2.57,1.69,0.73,0.99,0.91,0.43999997,0.036666665
4603637,200.877,Level_3_PURGE,2.57,1.69,0.73,0.99,0.91,0.43666664,0.036666665
4603896,201.136,Level_3_PURGE,2.57,1.69,0.73,0.99,0.91,0.4333333,0.036666665
4604152,201.392,Level_3_PURGE,2.57,1.69,0.73,0.99,0.91,0.42999998,0.04
4604405,201.645,Level_3_PURGE,2.57,1.69,0.73,0.99,0.91,0.42999998,0.036666665
4604656,201.896,Level_3_PURGE,2.57,1.69,0.73,0.99,0.91,0.42999998,0.036666665
4604923,202.163,Level_3_PURGE,2.57,1.69,0.73,0.99,0.91,0.42999998,0.036666665
4605175,202.415,Level_3_PURGE,2.57,1.69,0.73,0.99,0.91,0.42666665,0.04
4605432,202.672,Level_3_PURGE,2.57,1.69,0.73,0.99,0.91,0.42333332,0.04
4605679,202.919,Level_3_PURGE,2.5666666,1.6866666,0.73,0.99,0.91,0.42,0.04
4605934,203.174,Level_3_PURGE,2.5666666,1.6866666,0.73,0.99,0.91,0.42,0.04
4606195,203.435,Level_3_PURGE,2.5666666,1.6866666,0.73,0.99,0.91,0.42,0.036666665
4606459,203.699,Level_3_PURGE,2.57,1.69,0.73,0.99,0.91,0.42,0.033333335
4606722,203.962,Level_3_PURGE,2.57,1.69,0.73,0.99,0.91,0.41666666,0.03333333
4606974,204.214,Level_3_PURGE,2.57,1.69,0.73,0.99,0.91,0.41333333,0.036666665
4607231,204.471,Level_3_PURGE,2.57,1.69,0.73,0.99,0.91,0.41,0.04
4607485,204.725,Level_3_PURGE,2.57,1.69,0.73,0.99,0.91,0.41,0.04
4607744,204.984,Level_3_PURGE,2.57,1.69,0.73,0.99,0.91,0.41,0.04
4608002,205.242,Level_3_PURGE,2.57,1.69,0.73,0.99,0.91,0.41,0.04
4608267,205.507,Level_3_PURGE,2.57,1.69,0.73,0.99,0.91,0.41,0.04
4608529,205.769,Level_3_PURGE,2.57,1.69,0.73,0.99,0.91,0.41,0.04
4608783,206.023,Level_3_PURGE,2.57,1.69,0.73,0.9866667,0.91,0.40666667,0.036666665
4609038,206.278,Level_3_PURGE,2.57,1.69,0.73,0.98333335,0.91,0.40333334,0.033333335
4609301,206.541,Level_3_PURGE,2.57,1.69,0.73,0.98,0.91,0.4,0.03
4609555,206.795,Level_3_PURGE,2.57,1.69,0.73,0.98,0.9066667,0.4,0.03
4609809,207.049,Level_3_PURGE,2.57,1.69,0.73,0.98,0.90333337,0.4,0.03
4610064,207.304,Level_3_PURGE,2.57,1.69,0.73,0.98,0.8999999,0.4,0.03
4610325,207.565,Level_3_PURGE,2.57,1.69,0.73,0.98,0.8999999,0.4,0.03
4610589,207.829,Level_3_PURGE,2.57,1.69,0.73,0.98,0.8999999,0.4,0.03333333
4610846,208.086,Level_3_PURGE,2.57,1.69,0.73,0.98,0.8999999,0.39666668,0.033333335
4611101,208.341,Level_3_PURGE,2.57,1.69,0.73,0.98,0.8999999,0.39333332,0.033333335
4611360,208.6,Level_3_PURGE,2.57,1.69,0.73,0.98,0.8999999,0.39,0.03
4611624,208.864,Level_3_PURGE,2.57,1.69,0.73,0.98,0.8999999,0.39,0.03
4611882,209.122,Level_3_PURGE,2.57,1.69,0.73,0.98,0.8999999,0.39,0.03
4612207,209.447,Level_3_RECOVERY,2.57,1.69,0.73,0.98,0.8999999,0.39,0.03
4612460,209.7,Level_3_RECOVERY,2.57,1.69,0.73,0.98,0.8999999,0.39,0.03
4612717,209.957,Level_3_RECOVERY,2.57,1.69,0.73,0.98,0.8999999,0.39,0.03
4612968,210.208,Level_3_RECOVERY,2.57,1.69,0.73,0.98,0.8999999,0.38666666,0.03
4613233,210.473,Level_3_RECOVERY,2.57,1.69,0.73,0.98,0.8999999,0.38333333,0.03
4613486,210.726,Level_3_RECOVERY,2.57,1.69,0.73,0.98,0.8999999,0.38,0.03
4613742,210.982,Level_3_RECOVERY,2.57,1.69,0.73,0.98,0.8999999,0.38,0.03
4614007,211.247,Level_3_RECOVERY,2.57,1.69,0.73,0.98,0.8999999,0.38,0.03
4614269,211.509,Level_3_RECOVERY,2.57,1.69,0.73,0.98,0.8999999,0.38,0.03
4614523,211.763,Level_3_RECOVERY,2.57,1.69,0.73,0.9766667,0.8999999,0.38,0.03
4614785,212.025,Level_3_RECOVERY,2.57,1.69,0.73,0.97333336,0.8999999,0.38,0.03
4615035,212.275,Level_3_RECOVERY,2.57,1.69,0.73,0.97,0.8999999,0.37666667,0.03
4615297,212.537,Level_3_RECOVERY,2.57,1.69,0.73,0.97,0.8999999,0.37333333,0.03
4615558,212.798,Level_3_RECOVERY,2.57,1.69,0.73,0.97,0.8999999,0.37,0.03
4615825,213.065,Level_3_RECOVERY,2.57,1.69,0.73,0.97,0.8999999,0.37,0.03
4616073,213.313,Level_3_RECOVERY,2.57,1.69,0.73,0.97,0.8999999,0.37,0.03
4616332,213.572,Level_3_RECOVERY,2.57,1.69,0.73,0.97,0.8999999,0.37,0.03
4616588,213.828,Level_3_RECOVERY,2.57,1.69,0.73,0.97,0.8999999,0.37,0.03
4616846,214.086,Level_3_RECOVERY,2.57,1.69,0.73,0.97,0.8999999,0.37,0.03
4617188,214.428,Level_4_RAMP_UP,2.57,1.69,0.73,0.97,0.8999999,0.37,0.03
4617447,214.687,Level_4_RAMP_UP,2.57,1.69,0.73,0.97333336,0.8999999,0.37,0.03
4617701,214.941,Level_4_RAMP_UP,2.57,1.69,0.73,0.97333336,0.8999999,0.37,0.03
4617962,215.202,Level_4_RAMP_UP,2.57,1.69,0.73,0.97333336,0.8999999,0.37,0.03
4618215,215.455,Level_4_RAMP_UP,2.57,1.69,0.73,0.97,0.8999999,0.37,0.03
4618473,215.713,Level_4_RAMP_UP,2.57,1.69,0.73,0.97,0.8999999,0.37,0.03
4618728,215.968,Level_4_RAMP_UP,2.57,1.69,0.73,0.97333336,0.8999999,0.37,0.03
4618993,216.233,Level_4_RAMP_UP,2.57,1.69,0.73,0.9766667,0.8999999,0.37,0.03
4619254,216.494,Level_4_RAMP_UP,2.57,1.69,0.73,0.98,0.8999999,0.37,0.03
4619504,216.744,Level_4_RAMP_UP,2.57,1.69,0.73,0.98,0.8999999,0.37,0.03
4619760,217.0,Level_4_RAMP_UP,2.57,1.69,0.73,0.98,0.8999999,0.37,0.03
4620228,217.468,Level_4_HOLD,2.57,1.69,0.73,0.98,0.8999999,0.37333333,0.03333333
4620488,217.728,Level_4_HOLD,2.57,1.69,0.73,0.98,0.8999999,0.37666667,0.033333335
4620745,217.985,Level_4_HOLD,2.57,1.69,0.73,0.98333335,0.8999999,0.38,0.036666665
4621000,218.24,Level_4_HOLD,2.57,1.69,0.73,0.9866667,0.90333337,0.38,0.036666665
4621256,218.496,Level_4_HOLD,2.57,1.69,0.73,0.99,0.90333337,0.38333333,0.04
4621521,218.761,Level_4_HOLD,2.57,1.69,0.73,0.99,0.9066667,0.38666666,0.04
4621776,219.016,Level_4_HOLD,2.57,1.69,0.73,0.99,0.9066667,0.39,0.04
4622037,219.277,Level_4_HOLD,2.57,1.69,0.73,0.99,0.91,0.39,0.04
4622297,219.537,Level_4_HOLD,2.57,1.69,0.73,0.99,0.91,0.39333332,0.04
4622555,219.795,Level_4_HOLD,2.57,1.69,0.73,0.99,0.91,0.39666665,0.04
4622817,220.057,Level_4_HOLD,2.57,1.69,0.73,0.99,0.91,0.4,0.04
4623077,220.317,Level_4_HOLD,2.57,1.69,0.73,0.99333334,0.91,0.4,0.04
4623340,220.58,Level_4_HOLD,2.57,1.69,0.73,0.99333334,0.91,0.4,0.04
4623595,220.835,Level_4_HOLD,2.57,1.69,0.73,0.99666667,0.91,0.40333334,0.04
4623848,221.088,Level_4_HOLD,2.57,1.69,0.73,0.99666667,0.91,0.40666667,0.04
4624103,221.343,Level_4_HOLD,2.57,1.69,0.73,1.0,0.91,0.41,0.04
4624360,221.6,Level_4_HOLD,2.57,1.69,0.73,1.0,0.91,0.41,0.04
4624615,221.855,Level_4_HOLD,2.57,1.69,0.73,1.0,0.91,0.41,0.04
4624871,222.111,Level_4_HOLD,2.57,1.69,0.73,1.0,0.91,0.41333333,0.04
4625133,222.373,Level_4_HOLD,2.57,1.69,0.73,1.0,0.91,0.41666666,0.04
4625392,222.632,Level_4_HOLD,2.57,1.69,0.73,1.0,0.91,0.42,0.04
4625645,222.885,Level_4_HOLD,2.57,1.69,0.73,1.0,0.91,0.42,0.04
4625901,223.141,Level_4_HOLD,2.57,1.69,0.73,1.0,0.91,0.42,0.04
4626160,223.4,Level_4_HOLD,2.57,1.69,0.73,1.0,0.91,0.42333332,0.04
4626415,223.655,Level_4_HOLD,2.57,1.69,0.73,1.0,0.91333336,0.42666665,0.04
4626678,223.918,Level_4_HOLD,2.57,1.69,0.73,1.0,0.9166667,0.42999998,0.04
4626927,224.167,Level_4_HOLD,2.57,1.69,0.73,1.0,0.92,0.42999998,0.04
4627193,224.433,Level_4_HOLD,2.57,1.69,0.73,1.0,0.92,0.42999998,0.04
4627443,224.683,Level_4_HOLD,2.57,1.69,0.73,1.0,0.92,0.42999998,0.04
4627695,224.935,Level_4_HOLD,2.57,1.69,0.73,1.0,0.92,0.4333333,0.04
4627953,225.193,Level_4_HOLD,2.57,1.69,0.73,1.0,0.92,0.43666664,0.04
4628202,225.442,Level_4_HOLD,2.57,1.69,0.73,1.0,0.92,0.43999997,0.04
4628466,225.706,Level_4_HOLD,2.57,1.69,0.73,1.0,0.92,0.43999997,0.04
4628716,225.956,Level_4_HOLD,2.57,1.69,0.73,1.0,0.92,0.43999997,0.04
4628980,226.22,Level_4_HOLD,2.57,1.69,0.73,1.0,0.92,0.43999997,0.04
4629230,226.47,Level_4_HOLD,2.57,1.69,0.73,1.0,0.92,0.43999997,0.04
4629487,226.727,Level_4_HOLD,2.57,1.69,0.73,1.0,0.92,0.43999997,0.04
4629747,226.987,Level_4_HOLD,2.57,1.69,0.73,1.0,0.92,0.43999997,0.04
4630001,227.241,Level_4_HOLD,2.57,1.69,0.73,1.0033333,0.92,0.4433333,0.04
4630250,227.49,Level_4_HOLD,2.57,1.69,0.73,1.0066667,0.92,0.44666663,0.04
4630501,227.741,Level_4_HOLD,2.57,1.69,0.73,1.01,0.92,0.44999996,0.04
4630765,228.005,Level_4_HOLD,2.57,1.69,0.73,1.01,0.92,0.44999996,0.04
4631017,228.257,Level_4_HOLD,2.57,1.69,0.73,1.01,0.92,0.44999996,0.04
4631272,228.512,Level_4_HOLD,2.57,1.69,0.73,1.0066667,0.92,0.44999996,0.04
4631531,228.771,Level_4_HOLD,2.57,1.69,0.73,1.0066667,0.92,0.44999996,0.04
4631794,229.034,Level_4_HOLD,2.57,1.69,0.73,1.0066667,0.92,0.45333335,0.04
4632054,229.294,Level_4_HOLD,2.57,1.69,0.73,1.01,0.92,0.45666668,0.04
4632318,229.558,Level_4_HOLD,2.57,1.69,0.73,1.01,0.92,0.46,0.04
4632568,229.808,Level_4_HOLD,2.57,1.69,0.73,1.01,0.92,0.46,0.04
4632816,230.056,Level_4_HOLD,2.57,1.69,0.73,1.01,0.92,0.46,0.04
4633080,230.32,Level_4_HOLD,2.57,1.69,0.73,1.01,0.92,0.46,0.04
4633338,230.578,Level_4_HOLD,2.57,1.69,0.73,1.01,0.92,0.46,0.04
4633603,230.843,Level_4_HOLD,2.57,1.69,0.73,1.01,0.92,0.46,0.04
4633869,231.109,Level_4_HOLD,2.57,1.69,0.73,1.01,0.92,0.46,0.04
4634119,231.359,Level_4_HOLD,2.57,1.69,0.73,1.01,0.92,0.46,0.04
4634378,231.618,Level_4_HOLD,2.57,1.69,0.73,1.01,0.92,0.46,0.04
4634646,231.886,Level_4_HOLD,2.57,1.69,0.73,1.01,0.92,0.46,0.04
4634902,232.142,Level_4_HOLD,2.57,1.69,0.73,1.01,0.92,0.46333334,0.04
4635165,232.405,Level_4_HOLD,2.57,1.69,0.73,1.01,0.92,0.46666667,0.04
4635420,232.66,Level_4_HOLD,2.57,1.69,0.73,1.01,0.92333335,0.47,0.04
4635674,232.914,Level_4_HOLD,2.57,1.69,0.73,1.01,0.9266667,0.47,0.04
4635930,233.17,Level_4_HOLD,2.57,1.69,0.73,1.01,0.9266667,0.47,0.04
4636192,233.432,Level_4_HOLD,2.57,1.69,0.73,1.01,0.92333335,0.47,0.04
4636450,233.69,Level_4_HOLD,2.57,1.69,0.73,1.01,0.92333335,0.47,0.04
4636708,233.948,Level_4_HOLD,2.57,1.69,0.73,1.01,0.9266667,0.47,0.04
4636968,234.208,Level_4_HOLD,2.57,1.69,0.73,1.01,0.93,0.47,0.04
4637222,234.462,Level_4_HOLD,2.57,1.69,0.73,1.01,0.9266667,0.47,0.04
4637474,234.714,Level_4_HOLD,2.57,1.69,0.73,1.01,0.9266667,0.47,0.04
4637736,234.976,Level_4_HOLD,2.57,1.69,0.73,1.01,0.9266667,0.47,0.04
4637998,235.238,Level_4_HOLD,2.57,1.69,0.73,1.01,0.93,0.47,0.04
4638254,235.494,Level_4_HOLD,2.57,1.69,0.73,1.01,0.93,0.47,0.04
4638504,235.744,Level_4_HOLD,2.57,1.69,0.73,1.01,0.93,0.47333333,0.04
4638757,235.997,Level_4_HOLD,2.57,1.69,0.73,1.01,0.93,0.47666666,0.04
4639019,236.259,Level_4_HOLD,2.57,1.69,0.73,1.01,0.93,0.48,0.04
4639271,236.511,Level_4_HOLD,2.57,1.69,0.73,1.01,0.93,0.48,0.04
4639528,236.768,Level_4_HOLD,2.57,1.69,0.73,1.01,0.93,0.48,0.04
4639781,237.021,Level_4_HOLD,2.57,1.69,0.73,1.01,0.93,0.48,0.04
4640328,237.568,Level_4_PURGE,2.57,1.69,0.73,1.01,0.93,0.48,0.04
4640577,237.817,Level_4_PURGE,2.57,1.69,0.73,1.01,0.93,0.48,0.04
4640831,238.071,Level_4_PURGE,2.57,1.69,0.73,1.01,0.93,0.48,0.04
4641081,238.321,Level_4_PURGE,2.57,1.69,0.73,1.01,0.93,0.48,0.04
4641335,238.575,Level_4_PURGE,2.57,1.69,0.73,1.01,0.93,0.48,0.04
4641595,238.835,Level_4_PURGE,2.57,1.69,0.73,1.01,0.93,0.48,0.04
4641849,239.089,Level_4_PURGE,2.57,1.69,0.73,1.01,0.93,0.48,0.04
4642109,239.349,Level_4_PURGE,2.57,1.69,0.73,1.01,0.93,0.48333335,0.04
4642364,239.604,Level_4_PURGE,2.57,1.69,0.73,1.01,0.93,0.48666668,0.04
4642624,239.864,Level_4_PURGE,2.57,1.69,0.73,1.01,0.93,0.49,0.04
4642884,240.124,Level_4_PURGE,2.57,1.69,0.73,1.01,0.93,0.49,0.04
4643146,240.386,Level_4_PURGE,2.57,1.69,0.73,1.01,0.93,0.49,0.04
4643401,240.641,Level_4_PURGE,2.57,1.69,0.73,1.01,0.93,0.49,0.04
4643651,240.891,Level_4_PURGE,2.57,1.69,0.73,1.01,0.93,0.49,0.04
4643915,241.155,Level_4_PURGE,2.57,1.69,0.73,1.01,0.93,0.49,0.04
4644171,241.411,Level_4_PURGE,2.57,1.69,0.73,1.01,0.93,0.49,0.04
4644430,241.67,Level_4_PURGE,2.57,1.69,0.73,1.01,0.93,0.49,0.04
4644696,241.936,Level_4_PURGE,2.57,1.69,0.73,1.01,0.93,0.49,0.04
4644948,242.188,Level_4_PURGE,2.57,1.69,0.73,1.01,0.93,0.49,0.04
4645201,242.441,Level_4_PURGE,2.57,1.69,0.73,1.01,0.93,0.49,0.04
4645466,242.706,Level_4_PURGE,2.57,1.69,0.73,1.01,0.93,0.49,0.04
4645725,242.965,Level_4_PURGE,2.57,1.69,0.73,1.01,0.93,0.49,0.04
4645992,243.232,Level_4_PURGE,2.57,1.69,0.73,1.01,0.93,0.49,0.04
4646242,243.482,Level_4_PURGE,2.57,1.69,0.73,1.01,0.93,0.49,0.04
4646496,243.736,Level_4_PURGE,2.57,1.69,0.73,1.01,0.93,0.49,0.04
4646750,243.99,Level_4_PURGE,2.57,1.69,0.73,1.01,0.93,0.49,0.04
4647001,244.241,Level_4_PURGE,2.57,1.69,0.73,1.01,0.93,0.49,0.04
4647268,244.508,Level_4_PURGE,2.57,1.69,0.73,1.01,0.93,0.49,0.04
4647531,244.771,Level_4_PURGE,2.57,1.69,0.73,1.01,0.93,0.49,0.04
4647784,245.024,Level_4_PURGE,2.57,1.69,0.73,1.01,0.93,0.49,0.04
4648044,245.284,Level_4_PURGE,2.57,1.69,0.73,1.01,0.93,0.49,0.04
4648299,245.539,Level_4_PURGE,2.57,1.69,0.73,1.01,0.93,0.49,0.04
4648551,245.791,Level_4_PURGE,2.57,1.69,0.73,1.01,0.93,0.49,0.04
4648809,246.049,Level_4_PURGE,2.57,1.69,0.73,1.01,0.93,0.49,0.04
4649068,246.308,Level_4_PURGE,2.57,1.69,0.73,1.01,0.93,0.49,0.04
4649319,246.559,Level_4_PURGE,2.57,1.69,0.73,1.01,0.93,0.49,0.04
4649575,246.815,Level_4_PURGE,2.57,1.69,0.73,1.01,0.93,0.49,0.04
4649830,247.07,Level_4_PURGE,2.57,1.69,0.73,1.01,0.93,0.49,0.04
4650084,247.324,Level_4_PURGE,2.57,1.69,0.73,1.01,0.93,0.49,0.04
4650338,247.578,Level_4_PURGE,2.57,1.69,0.73,1.01,0.93,0.49,0.04
4650589,247.829,Level_4_PURGE,2.57,1.69,0.73,1.01,0.93,0.49,0.04
4650856,248.096,Level_4_PURGE,2.57,1.69,0.73,1.01,0.93,0.49,0.04
4651108,248.348,Level_4_PURGE,2.57,1.69,0.73,1.01,0.93,0.49,0.04
4651358,248.598,Level_4_PURGE,2.57,1.69,0.73,1.01,0.93,0.49,0.04
4651612,248.852,Level_4_PURGE,2.57,1.69,0.73,1.01,0.93,0.49,0.04
4651872,249.112,Level_4_PURGE,2.57,1.69,0.73,1.01,0.93,0.49,0.04
4652138,249.378,Level_4_PURGE,2.57,1.69,0.73,1.01,0.93,0.49,0.04
4652396,249.636,Level_4_PURGE,2.57,1.69,0.73,1.01,0.93,0.49,0.04
4652662,249.902,Level_4_PURGE,2.57,1.69,0.73,1.01,0.93,0.49,0.04
4652919,250.159,Level_4_PURGE,2.57,1.69,0.73,1.01,0.93,0.49,0.04
4653183,250.423,Level_4_PURGE,2.57,1.69,0.73,1.01,0.93,0.48666668,0.04
4653447,250.687,Level_4_PURGE,2.57,1.69,0.73,1.01,0.93,0.48333335,0.04
4653709,250.949,Level_4_PURGE,2.57,1.69,0.73,1.01,0.93,0.48,0.04
4653972,251.212,Level_4_PURGE,2.57,1.69,0.73,1.01,0.93,0.48,0.04
4654234,251.474,Level_4_PURGE,2.57,1.69,0.73,1.01,0.93,0.48,0.04
4654487,251.727,Level_4_PURGE,2.57,1.69,0.73,1.01,0.93,0.48,0.04
4654751,251.991,Level_4_PURGE,2.57,1.69,0.73,1.01,0.93,0.48,0.04
4655019,252.259,Level_4_PURGE,2.57,1.69,0.73,1.01,0.93,0.48,0.04
4655269,252.509,Level_4_PURGE,2.57,1.69,0.73,1.01,0.93,0.48,0.04
4655525,252.765,Level_4_PURGE,2.57,1.69,0.73,1.01,0.93,0.48,0.04
4655784,253.024,Level_4_PURGE,2.57,1.69,0.73,1.0066667,0.93,0.48,0.04
4656044,253.284,Level_4_PURGE,2.57,1.69,0.73,1.0033333,0.93,0.47666666,0.04
4656293,253.533,Level_4_PURGE,2.57,1.69,0.73,1.0,0.93,0.47333333,0.04
4656554,253.794,Level_4_PURGE,2.57,1.69,0.73,1.0,0.9266667,0.47,0.04
4656814,254.054,Level_4_PURGE,2.57,1.69,0.73,1.0,0.92333335,0.47,0.04
4657068,254.308,Level_4_PURGE,2.57,1.69,0.73,1.0,0.92,0.47,0.04
4657321,254.561,Level_4_PURGE,2.57,1.69,0.73,1.0,0.92,0.47,0.04
4657589,254.829,Level_4_PURGE,2.57,1.69,0.73,1.0,0.92,0.47,0.04
4657851,255.091,Level_4_PURGE,2.57,1.69,0.73,1.0,0.92,0.47,0.04
4658104,255.344,Level_4_PURGE,2.57,1.69,0.73,1.0,0.92,0.47,0.04
4658370,255.61,Level_4_PURGE,2.57,1.69,0.73,1.0,0.92,0.46666667,0.04
4658632,255.872,Level_4_PURGE,2.57,1.69,0.73,1.0,0.92,0.46333334,0.04
4658894,256.134,Level_4_PURGE,2.57,1.69,0.73,1.0,0.92,0.46,0.04
4659152,256.392,Level_4_PURGE,2.57,1.69,0.73,1.0,0.92,0.46,0.04
4659410,256.65,Level_4_PURGE,2.57,1.69,0.73,1.0,0.92,0.46,0.04
4659661,256.901,Level_4_PURGE,2.57,1.69,0.73,1.0,0.92,0.46,0.04
4659919,257.159,Level_4_PURGE,2.57,1.69,0.73,1.0,0.92,0.46,0.04
4660172,257.412,Level_4_PURGE,2.57,1.69,0.73,1.0,0.92,0.46,0.04
4660430,257.67,Level_4_PURGE,2.57,1.69,0.73,1.0,0.92,0.45666668,0.04
4660692,257.932,Level_4_PURGE,2.57,1.69,0.73,1.0,0.92,0.4533333,0.04
4660950,258.19,Level_4_PURGE,2.57,1.69,0.73,1.0,0.92,0.44999996,0.04
4661208,258.448,Level_4_PURGE,2.57,1.69,0.73,1.0,0.92,0.44999996,0.04
4661462,258.702,Level_4_PURGE,2.57,1.69,0.73,1.0,0.92,0.44999996,0.04
4661716,258.956,Level_4_PURGE,2.57,1.69,0.73,1.0,0.92,0.44999996,0.04
4661972,259.212,Level_4_PURGE,2.57,1.69,0.73,1.0,0.92,0.44999996,0.04
4662225,259.465,Level_4_PURGE,2.57,1.69,0.73,1.0,0.92,0.44666663,0.04
4662480,259.72,Level_4_PURGE,2.57,1.69,0.73,1.0,0.92,0.4433333,0.04
4662748,259.988,Level_4_PURGE,2.57,1.69,0.73,1.0,0.92,0.43999997,0.04
4663008,260.248,Level_4_PURGE,2.57,1.69,0.73,1.0,0.92,0.43999997,0.04
4663270,260.51,Level_4_PURGE,2.57,1.69,0.73,1.0,0.92,0.43999997,0.04
4663525,260.765,Level_4_PURGE,2.57,1.69,0.73,1.0,0.92,0.43999997,0.04
4663794,261.034,Level_4_PURGE,2.57,1.69,0.73,1.0,0.92,0.43999997,0.04
4664051,261.291,Level_4_PURGE,2.57,1.69,0.73,1.0,0.92,0.43999997,0.04
4664314,261.554,Level_4_PURGE,2.57,1.69,0.73,1.0,0.92,0.43999997,0.04
4664564,261.804,Level_4_PURGE,2.57,1.69,0.73,1.0,0.92,0.43999997,0.04
4664815,262.055,Level_4_PURGE,2.57,1.69,0.73,0.99666667,0.9166667,0.43999997,0.04
4665073,262.313,Level_4_PURGE,2.57,1.69,0.73,0.99666667,0.9166667,0.43666664,0.04
4665327,262.567,Level_4_PURGE,2.57,1.69,0.73,0.99333334,0.91333336,0.4333333,0.04
4665592,262.832,Level_4_PURGE,2.57,1.69,0.73,0.99333334,0.91333336,0.42999998,0.04
4665849,263.089,Level_4_PURGE,2.57,1.69,0.73,0.99,0.91,0.42999998,0.04
4666103,263.343,Level_4_PURGE,2.57,1.69,0.73,0.99,0.91,0.42999998,0.04
4666368,263.608,Level_4_PURGE,2.57,1.69,0.73,0.99,0.91,0.42999998,0.04
4666632,263.872,Level_4_PURGE,2.57,1.69,0.73,0.99,0.91,0.42999998,0.04
4666887,264.127,Level_4_PURGE,2.57,1.69,0.73,0.99,0.91,0.42999998,0.04
4667139,264.379,Level_4_PURGE,2.57,1.69,0.73,0.99,0.91,0.42999998,0.04
4667395,264.635,Level_4_PURGE,2.57,1.69,0.73,0.99,0.91,0.42999998,0.04
4667658,264.898,Level_4_PURGE,2.57,1.69,0.73,0.99,0.91,0.42666665,0.04
4667920,265.16,Level_4_PURGE,2.57,1.69,0.73,0.99,0.91,0.42333332,0.04
4668170,265.41,Level_4_PURGE,2.57,1.69,0.73,0.99,0.91,0.42,0.04
4668425,265.665,Level_4_PURGE,2.57,1.69,0.73,0.99,0.91,0.42,0.04
4668679,265.919,Level_4_PURGE,2.57,1.69,0.73,0.99,0.91,0.42,0.04
4668939,266.179,Level_4_PURGE,2.57,1.69,0.73,0.99,0.91,0.42,0.04
4669192,266.432,Level_4_PURGE,2.57,1.69,0.73,0.99,0.91,0.42,0.04
4669459,266.699,Level_4_PURGE,2.57,1.69,0.73,0.99,0.91,0.42,0.04
4669728,266.968,Level_4_PURGE,2.57,1.69,0.73,0.99,0.91,0.41666666,0.04
4669981,267.221,Level_4_PURGE,2.57,1.69,0.73,0.99,0.91,0.41333333,0.04
4670232,267.472,Level_4_PURGE,2.57,1.69,0.73,0.99,0.91,0.41,0.04
4670484,267.724,Level_4_PURGE,2.57,1.69,0.73,0.99,0.91,0.41,0.04
4670743,267.983,Level_4_PURGE,2.57,1.69,0.73,0.99,0.91,0.41,0.04
4671003,268.243,Level_4_PURGE,2.57,1.69,0.73,0.99,0.91,0.41,0.04
4671256,268.496,Level_4_PURGE,2.57,1.69,0.73,0.99,0.91,0.41,0.04
4671509,268.749,Level_4_PURGE,2.57,1.69,0.73,0.99,0.91,0.41,0.04
4671765,269.005,Level_4_PURGE,2.57,1.69,0.73,0.99,0.91,0.41,0.04
4672013,269.253,Level_4_PURGE,2.57,1.69,0.73,0.99,0.91,0.40666667,0.036666665
4672270,269.51,Level_4_PURGE,2.57,1.69,0.73,0.99,0.91,0.40333334,0.036666665
4672527,269.767,Level_4_PURGE,2.57,1.69,0.73,0.99,0.91,0.4,0.036666665
4672786,270.026,Level_4_PURGE,2.57,1.69,0.73,0.99,0.91,0.4,0.04
4673046,270.286,Level_4_PURGE,2.57,1.69,0.73,0.9866667,0.91,0.4,0.04
4673299,270.539,Level_4_PURGE,2.57,1.69,0.73,0.98333335,0.91,0.4,0.04
4673551,270.791,Level_4_PURGE,2.57,1.69,0.73,0.98,0.91,0.4,0.036666665
4673809,271.049,Level_4_PURGE,2.5666666,1.6866666,0.73,0.98,0.9066667,0.4,0.036666665
4674062,271.302,Level_4_PURGE,2.5666666,1.6866666,0.73,0.98,0.90333337,0.4,0.036666665
4674315,271.555,Level_4_PURGE,2.5666666,1.6866666,0.73,0.98,0.8999999,0.4,0.04
4674565,271.805,Level_4_PURGE,2.57,1.69,0.73,0.98,0.8999999,0.39666668,0.036666665
4674825,272.065,Level_4_PURGE,2.57,1.69,0.73,0.98,0.8999999,0.39333332,0.036666665
4675090,272.33,Level_4_PURGE,2.57,1.69,0.73,0.98,0.8999999,0.39,0.036666665
4675354,272.594,Level_4_PURGE,2.57,1.69,0.73,0.98,0.8999999,0.39,0.036666665
4675609,272.849,Level_4_PURGE,2.57,1.69,0.73,0.98,0.8999999,0.39,0.033333335
4675859,273.099,Level_4_PURGE,2.57,1.69,0.73,0.98,0.8999999,0.39,0.03
4676112,273.352,Level_4_PURGE,2.57,1.69,0.73,0.98,0.8999999,0.39,0.03
4676365,273.605,Level_4_PURGE,2.57,1.69,0.73,0.98,0.8999999,0.39,0.03333333
4676626,273.866,Level_4_PURGE,2.57,1.69,0.73,0.98,0.8999999,0.39,0.033333335
4676881,274.121,Level_4_PURGE,2.57,1.69,0.73,0.98,0.8999999,0.39,0.033333335
4677142,274.382,Level_4_PURGE,2.57,1.69,0.73,0.98,0.8999999,0.38666666,0.03333333
4677405,274.645,Level_4_PURGE,2.57,1.69,0.73,0.98,0.8999999,0.38333333,0.033333335
4677662,274.902,Level_4_PURGE,2.57,1.69,0.73,0.98,0.8999999,0.38,0.033333335
4677920,275.16,Level_4_PURGE,2.57,1.69,0.73,0.98,0.8999999,0.38,0.03
4678181,275.421,Level_4_PURGE,2.57,1.69,0.73,0.98,0.8999999,0.38,0.03
4678434,275.674,Level_4_PURGE,2.57,1.69,0.73,0.98,0.8999999,0.38,0.03
4678692,275.932,Level_4_PURGE,2.57,1.69,0.73,0.98,0.8999999,0.38,0.03
4678948,276.188,Level_4_PURGE,2.57,1.69,0.73,0.98,0.8999999,0.38,0.03
4679210,276.45,Level_4_PURGE,2.57,1.69,0.73,0.98,0.8999999,0.38,0.03
4679479,276.719,Level_4_PURGE,2.57,1.69,0.73,0.98,0.8999999,0.38,0.03333333
4679742,276.982,Level_4_PURGE,2.57,1.69,0.73,0.98,0.8999999,0.38,0.033333335
4679989,277.229,Level_4_PURGE,2.57,1.69,0.73,0.98,0.8999999,0.38,0.033333335
4680278,277.518,Level_4_RECOVERY,2.57,1.69,0.73,0.98,0.8999999,0.37666667,0.03
4680530,277.77,Level_4_RECOVERY,2.57,1.69,0.73,0.98,0.8999999,0.37333333,0.03
4680785,278.025,Level_4_RECOVERY,2.57,1.69,0.73,0.98,0.8999999,0.37,0.03333333
4681044,278.284,Level_4_RECOVERY,2.57,1.69,0.73,0.98,0.8999999,0.37,0.033333335
4681300,278.54,Level_4_RECOVERY,2.57,1.69,0.73,0.98,0.8999999,0.37,0.033333335
4681553,278.793,Level_4_RECOVERY,2.57,1.69,0.73,0.98,0.8999999,0.37,0.03
4681816,279.056,Level_4_RECOVERY,2.57,1.69,0.73,0.98,0.8999999,0.37,0.03
4682063,279.303,Level_4_RECOVERY,2.57,1.69,0.73,0.9766667,0.8999999,0.37,0.03
4682328,279.568,Level_4_RECOVERY,2.57,1.69,0.73,0.97333336,0.8999999,0.37,0.03
4682578,279.818,Level_4_RECOVERY,2.57,1.69,0.73,0.97333336,0.8999999,0.37,0.03
4682834,280.074,Level_4_RECOVERY,2.57,1.69,0.73,0.97333336,0.8999999,0.37,0.03
4683084,280.324,Level_4_RECOVERY,2.57,1.69,0.73,0.97333336,0.8999999,0.37,0.03
4683342,280.582,Level_4_RECOVERY,2.57,1.69,0.73,0.97,0.8999999,0.36666667,0.03
4683610,280.85,Level_4_RECOVERY,2.57,1.69,0.73,0.97,0.8999999,0.36333334,0.03
4683866,281.106,Level_4_RECOVERY,2.57,1.69,0.73,0.97,0.8999999,0.36,0.03
4684127,281.367,Level_4_RECOVERY,2.57,1.69,0.73,0.97,0.8999999,0.36,0.03
4684389,281.629,Level_4_RECOVERY,2.57,1.69,0.73,0.97,0.8999999,0.36,0.03
4684653,281.893,Level_4_RECOVERY,2.57,1.69,0.73,0.97,0.8999999,0.36,0.03
4684916,282.156,Level_4_RECOVERY,2.57,1.69,0.73,0.97,0.8999999,0.36,0.03
4685267,282.507,Level_5_RAMP_UP,2.57,1.69,0.73,0.97,0.8999999,0.36,0.03
4685517,282.757,Level_5_RAMP_UP,2.57,1.69,0.73,0.97,0.8999999,0.36,0.03
4685771,283.011,Level_5_RAMP_UP,2.57,1.69,0.73,0.97,0.8999999,0.36,0.03
4686025,283.265,Level_5_RAMP_UP,2.57,1.69,0.73,0.97,0.8999999,0.36,0.03
4686289,283.529,Level_5_RAMP_UP,2.57,1.69,0.73,0.97,0.8999999,0.35666668,0.03
4686539,283.779,Level_5_RAMP_UP,2.57,1.69,0.73,0.97,0.8999999,0.35333335,0.03
4686797,284.037,Level_5_RAMP_UP,2.57,1.69,0.73,0.97,0.8999999,0.35,0.03
4687048,284.288,Level_5_RAMP_UP,2.57,1.69,0.73,0.97,0.8999999,0.35333332,0.03
4687300,284.54,Level_5_RAMP_UP,2.57,1.69,0.73,0.97,0.8999999,0.35666668,0.03
4687549,284.789,Level_5_RAMP_UP,2.57,1.69,0.73,0.97,0.8999999,0.36,0.03
4687805,285.045,Level_5_RAMP_UP,2.57,1.69,0.73,0.97,0.8999999,0.36,0.03
4688055,285.295,Level_5_RAMP_UP,2.57,1.69,0.73,0.97333336,0.8999999,0.36,0.03
4688357,285.597,Level_5_HOLD,2.57,1.69,0.73,0.9766667,0.8999999,0.36,0.03
4688620,285.86,Level_5_HOLD,2.57,1.69,0.73,0.98,0.8999999,0.36333334,0.03
4688886,286.126,Level_5_HOLD,2.57,1.69,0.73,0.98,0.8999999,0.36666667,0.03333333
4689136,286.376,Level_5_HOLD,2.57,1.69,0.73,0.98,0.8999999,0.37,0.036666665
4689385,286.625,Level_5_HOLD,2.57,1.69,0.73,0.98,0.8999999,0.37,0.036666665
4689641,286.881,Level_5_HOLD,2.57,1.69,0.73,0.98,0.8999999,0.37,0.033333335
4689903,287.143,Level_5_HOLD,2.57,1.69,0.73,0.98,0.8999999,0.37,0.03333333
4690159,287.399,Level_5_HOLD,2.5666666,1.6866666,0.73,0.98,0.8999999,0.37333333,0.033333335
4690421,287.661,Level_5_HOLD,2.5666666,1.6866666,0.73,0.98,0.8999999,0.37666667,0.036666665
4690675,287.915,Level_5_HOLD,2.5666666,1.6866666,0.73,0.98333335,0.8999999,0.38,0.036666665
4690939,288.179,Level_5_HOLD,2.57,1.69,0.73,0.9866667,0.8999999,0.38,0.04
4691194,288.434,Level_5_HOLD,2.57,1.69,0.73,0.99,0.8999999,0.38,0.04
4691443,288.683,Level_5_HOLD,2.57,1.69,0.73,0.99,0.90333337,0.38,0.04
4691706,288.946,Level_5_HOLD,2.57,1.69,0.73,0.99,0.9066667,0.38333333,0.04
4691969,289.209,Level_5_HOLD,2.57,1.69,0.73,0.99,0.91,0.38666666,0.04
4692231,289.471,Level_5_HOLD,2.57,1.69,0.73,0.99,0.91,0.39,0.04
4692499,289.739,Level_5_HOLD,2.57,1.69,0.73,0.99,0.91,0.39,0.04
4692754,289.994,Level_5_HOLD,2.57,1.69,0.73,0.99,0.91,0.39,0.04
4693008,290.248,Level_5_HOLD,2.57,1.69,0.73,0.99,0.91,0.39,0.04
4693257,290.497,Level_5_HOLD,2.57,1.69,0.73,0.99,0.91,0.39,0.04
4693522,290.762,Level_5_HOLD,2.57,1.69,0.73,0.99,0.91,0.39333332,0.04
4693780,291.02,Level_5_HOLD,2.57,1.69,0.73,0.99,0.91,0.39666665,0.04
4694037,291.277,Level_5_HOLD,2.57,1.69,0.73,0.99,0.91,0.4,0.04
4694290,291.53,Level_5_HOLD,2.57,1.69,0.73,0.99,0.91,0.4,0.04
4694547,291.787,Level_5_HOLD,2.57,1.69,0.73,0.99,0.91,0.4,0.04
4694812,292.052,Level_5_HOLD,2.57,1.69,0.73,0.99,0.91,0.4,0.04
4695069,292.309,Level_5_HOLD,2.57,1.69,0.73,0.99,0.91,0.4,0.04
4695320,292.56,Level_5_HOLD,2.57,1.69,0.73,0.99,0.91,0.4,0.04
4695581,292.821,Level_5_HOLD,2.57,1.69,0.73,0.99,0.91,0.4,0.04
4695836,293.076,Level_5_HOLD,2.57,1.69,0.73,0.99,0.91,0.40333334,0.04
4696097,293.337,Level_5_HOLD,2.57,1.69,0.73,0.99,0.91,0.40666667,0.04
4696351,293.591,Level_5_HOLD,2.57,1.69,0.73,0.99,0.91,0.41,0.04
4696602,293.842,Level_5_HOLD,2.57,1.69,0.73,0.99,0.91,0.41,0.04
4696854,294.094,Level_5_HOLD,2.57,1.69,0.73,0.99,0.91,0.41,0.04
4697108,294.348,Level_5_HOLD,2.57,1.69,0.73,0.99,0.91,0.41,0.04
4697360,294.6,Level_5_HOLD,2.57,1.69,0.73,0.99,0.91,0.41,0.04
4697615,294.855,Level_5_HOLD,2.57,1.69,0.73,0.99,0.91,0.41,0.04
4697877,295.117,Level_5_HOLD,2.57,1.69,0.73,0.99,0.91,0.41,0.04
4698129,295.369,Level_5_HOLD,2.57,1.69,0.73,0.99,0.91,0.41,0.04
4698379,295.619,Level_5_HOLD,2.57,1.69,0.73,0.99,0.91,0.41,0.04
4698644,295.884,Level_5_HOLD,2.57,1.69,0.73,0.99,0.91,0.41,0.04
4698905,296.145,Level_5_HOLD,2.57,1.69,0.73,0.99,0.91,0.41,0.04
4699154,296.394,Level_5_HOLD,2.57,1.69,0.73,0.99,0.91,0.41333333,0.04
4699417,296.657,Level_5_HOLD,2.57,1.69,0.73,0.99333334,0.91,0.41666666,0.04
4699672,296.912,Level_5_HOLD,2.57,1.69,0.73,0.99333334,0.91,0.42,0.04
4699928,297.168,Level_5_HOLD,2.57,1.69,0.73,0.99333334,0.91,0.42,0.04
4700187,297.427,Level_5_HOLD,2.57,1.69,0.73,0.99,0.91,0.42,0.04
4700441,297.681,Level_5_HOLD,2.57,1.69,0.73,0.99333334,0.91333336,0.42,0.04
4700706,297.946,Level_5_HOLD,2.57,1.69,0.73,0.99333334,0.9166667,0.42,0.04
4700960,298.2,Level_5_HOLD,2.57,1.69,0.73,0.99666667,0.9166667,0.42,0.04
4701219,298.459,Level_5_HOLD,2.57,1.69,0.73,0.99666667,0.9166667,0.42,0.04
4701481,298.721,Level_5_HOLD,2.57,1.69,0.73,1.0,0.9166667,0.42,0.04
4701731,298.971,Level_5_HOLD,2.57,1.69,0.73,1.0,0.92,0.42,0.04
4701980,299.22,Level_5_HOLD,2.57,1.69,0.73,1.0,0.92,0.42333332,0.04
4702242,299.482,Level_5_HOLD,2.57,1.69,0.73,1.0,0.92,0.42666665,0.04
4702494,299.734,Level_5_HOLD,2.57,1.69,0.73,1.0,0.92,0.42999998,0.04
4702758,299.998,Level_5_HOLD,2.57,1.69,0.73,1.0,0.92,0.42999998,0.04
4703007,300.247,Level_5_HOLD,2.57,1.69,0.73,1.0,0.92,0.42999998,0.04
4703269,300.509,Level_5_HOLD,2.57,1.69,0.73,1.0,0.92,0.42999998,0.04
4703525,300.765,Level_5_HOLD,2.57,1.69,0.73,0.99666667,0.92,0.42999998,0.04
4703783,301.023,Level_5_HOLD,2.57,1.69,0.73,0.99666667,0.92,0.42999998,0.04
4704044,301.284,Level_5_HOLD,2.57,1.69,0.73,0.99666667,0.92,0.42999998,0.04
4704309,301.549,Level_5_HOLD,2.57,1.69,0.73,1.0,0.92,0.42999998,0.04
4704564,301.804,Level_5_HOLD,2.57,1.69,0.73,1.0,0.92,0.42999998,0.04
4704824,302.064,Level_5_HOLD,2.57,1.69,0.73,1.0,0.92,0.42999998,0.04
4705083,302.323,Level_5_HOLD,2.57,1.69,0.73,1.0,0.92,0.42999998,0.04
4705344,302.584,Level_5_HOLD,2.57,1.69,0.73,1.0,0.92,0.42999998,0.04
4705608,302.848,Level_5_HOLD,2.57,1.69,0.73,1.0,0.92,0.42999998,0.04
4705864,303.104,Level_5_HOLD,2.57,1.69,0.73,1.0,0.92,0.42999998,0.04
4706118,303.358,Level_5_HOLD,2.57,1.69,0.73,1.0,0.92,0.4333333,0.04
4706378,303.618,Level_5_HOLD,2.57,1.69,0.73,1.0,0.92,0.43666664,0.04
4706633,303.873,Level_5_HOLD,2.57,1.69,0.73,1.0,0.92,0.43999997,0.04
4706887,304.127,Level_5_HOLD,2.57,1.69,0.73,1.0,0.92,0.43999997,0.04
4707153,304.393,Level_5_HOLD,2.57,1.69,0.73,1.0,0.92,0.43999997,0.04
4707400,304.64,Level_5_HOLD,2.57,1.69,0.73,1.0,0.92,0.43999997,0.04
4707660,304.9,Level_5_HOLD,2.57,1.69,0.73,1.0,0.92,0.43999997,0.04
4707911,305.151,Level_5_HOLD,2.57,1.69,0.73,1.0,0.92,0.43999997,0.04
4708451,305.691,Level_5_PURGE,2.57,1.69,0.73,1.0,0.92,0.43999997,0.04
4708711,305.951,Level_5_PURGE,2.57,1.69,0.73,1.0,0.92,0.43999997,0.04
4708977,306.217,Level_5_PURGE,2.57,1.69,0.73,1.0,0.92,0.43999997,0.04
4709229,306.469,Level_5_PURGE,2.57,1.69,0.73,1.0,0.92,0.43999997,0.04
4709480,306.72,Level_5_PURGE,2.57,1.69,0.73,1.0,0.92,0.43999997,0.04
4709738,306.978,Level_5_PURGE,2.57,1.69,0.73,1.0,0.92,0.43999997,0.04
4710001,307.241,Level_5_PURGE,2.57,1.69,0.73,1.0,0.92,0.43999997,0.04
4710262,307.502,Level_5_PURGE,2.57,1.69,0.73,1.0,0.92,0.43999997,0.04
4710521,307.761,Level_5_PURGE,2.57,1.69,0.73,1.0,0.92,0.43999997,0.04
4710782,308.022,Level_5_PURGE,2.57,1.69,0.73,1.0,0.92,0.43999997,0.04
4711034,308.274,Level_5_PURGE,2.57,1.69,0.73,1.0,0.92,0.43999997,0.04
4711299,308.539,Level_5_PURGE,2.57,1.69,0.73,1.0,0.92,0.43999997,0.04
4711555,308.795,Level_5_PURGE,2.57,1.69,0.73,1.0,0.92,0.43999997,0.04
4711812,309.052,Level_5_PURGE,2.57,1.69,0.73,1.0,0.92,0.43999997,0.04
4712075,309.315,Level_5_PURGE,2.57,1.69,0.73,1.0,0.92,0.4433333,0.04
4712339,309.579,Level_5_PURGE,2.57,1.69,0.73,1.0,0.92,0.44666663,0.04
4712592,309.832,Level_5_PURGE,2.57,1.69,0.73,1.0,0.92,0.44999996,0.04
4712854,310.094,Level_5_PURGE,2.57,1.69,0.73,1.0,0.92,0.44999996,0.04
4713121,310.361,Level_5_PURGE,2.57,1.69,0.73,1.0,0.92,0.44999996,0.04
4713377,310.617,Level_5_PURGE,2.57,1.69,0.73,1.0,0.92,0.44999996,0.04
4713635,310.875,Level_5_PURGE,2.57,1.69,0.73,1.0,0.92,0.44999996,0.04
4713888,311.128,Level_5_PURGE,2.57,1.69,0.73,1.0,0.92,0.44999996,0.04
4714149,311.389,Level_5_PURGE,2.57,1.69,0.73,1.0,0.92,0.44999996,0.04
4714411,311.651,Level_5_PURGE,2.57,1.69,0.73,1.0,0.92,0.44999996,0.04
4714665,311.905,Level_5_PURGE,2.57,1.69,0.73,1.0,0.92,0.44999996,0.04
4714920,312.16,Level_5_PURGE,2.57,1.69,0.73,1.0,0.92,0.44999996,0.04
4715185,312.425,Level_5_PURGE,2.57,1.69,0.73,1.0,0.92,0.44666663,0.04
4715447,312.687,Level_5_PURGE,2.57,1.69,0.73,1.0,0.92,0.4433333,0.04
4715703,312.943,Level_5_PURGE,2.57,1.69,0.73,1.0,0.92,0.43999997,0.04
4715965,313.205,Level_5_PURGE,2.57,1.69,0.73,1.0,0.92,0.43999997,0.04
4716228,313.468,Level_5_PURGE,2.57,1.69,0.73,1.0,0.92,0.43999997,0.04
4716478,313.718,Level_5_PURGE,2.57,1.69,0.73,1.0,0.92,0.43999997,0.04
4716732,313.972,Level_5_PURGE,2.57,1.69,0.73,1.0,0.92,0.43999997,0.04
4716997,314.237,Level_5_PURGE,2.57,1.69,0.73,1.0,0.92,0.43999997,0.04
4717251,314.491,Level_5_PURGE,2.57,1.69,0.73,1.0,0.92,0.43999997,0.04
4717502,314.742,Level_5_PURGE,2.57,1.69,0.73,1.0,0.92,0.43999997,0.04
4717755,314.995,Level_5_PURGE,2.57,1.69,0.73,1.0,0.92,0.43999997,0.04
4718020,315.26,Level_5_PURGE,2.57,1.69,0.73,1.0,0.92,0.43999997,0.04
4718276,315.516,Level_5_PURGE,2.57,1.69,0.73,1.0,0.92,0.43999997,0.04
4718538,315.778,Level_5_PURGE,2.57,1.69,0.73,1.0,0.92,0.43999997,0.04
4718788,316.028,Level_5_PURGE,2.57,1.69,0.73,1.0,0.92,0.43999997,0.04
4719055,316.295,Level_5_PURGE,2.57,1.69,0.73,1.0,0.92,0.43999997,0.04
4719308,316.548,Level_5_PURGE,2.57,1.69,0.73,1.0,0.92,0.43999997,0.04
4719563,316.803,Level_5_PURGE,2.57,1.69,0.73,1.0,0.92,0.43999997,0.04
4719824,317.064,Level_5_PURGE,2.57,1.69,0.73,1.0,0.92,0.43999997,0.04
4720088,317.328,Level_5_PURGE,2.57,1.69,0.73,1.0,0.92,0.43999997,0.04
4720350,317.59,Level_5_PURGE,2.57,1.69,0.73,1.0,0.92,0.43999997,0.04
4720618,317.858,Level_5_PURGE,2.57,1.69,0.73,1.0,0.92,0.43999997,0.04
4720871,318.111,Level_5_PURGE,2.57,1.69,0.73,1.0,0.92,0.43999997,0.04
4721130,318.37,Level_5_PURGE,2.57,1.69,0.73,1.0,0.92,0.43999997,0.04
4721398,318.638,Level_5_PURGE,2.57,1.69,0.73,1.0,0.92,0.43666664,0.04
4721651,318.891,Level_5_PURGE,2.57,1.69,0.73,1.0,0.92,0.4333333,0.04
4721907,319.147,Level_5_PURGE,2.5666666,1.6866666,0.73,1.0,0.92,0.42999998,0.04
4722159,319.399,Level_5_PURGE,2.5666666,1.6866666,0.73,0.99666667,0.92,0.42999998,0.04
4722420,319.66,Level_5_PURGE,2.5666666,1.6866666,0.73,0.99333334,0.92,0.42999998,0.04
4722685,319.925,Level_5_PURGE,2.57,1.69,0.73,0.99,0.92,0.42999998,0.04
4722941,320.181,Level_5_PURGE,2.57,1.69,0.73,0.99333334,0.92,0.42999998,0.04
4723199,320.439,Level_5_PURGE,2.57,1.69,0.73,0.99333334,0.92,0.42999998,0.04
4723455,320.695,Level_5_PURGE,2.57,1.69,0.73,0.99333334,0.92,0.42999998,0.04
4723711,320.951,Level_5_PURGE,2.57,1.69,0.73,0.99,0.92,0.42999998,0.04
4723968,321.208,Level_5_PURGE,2.57,1.69,0.73,0.99,0.92,0.42999998,0.04
4724229,321.469,Level_5_PURGE,2.57,1.69,0.73,0.99,0.92,0.42666665,0.04
4724482,321.722,Level_5_PURGE,2.57,1.69,0.73,0.99,0.92,0.42333332,0.04
4724740,321.98,Level_5_PURGE,2.57,1.69,0.73,0.99,0.92,0.42,0.04
4725001,322.241,Level_5_PURGE,2.57,1.69,0.73,0.99,0.92,0.42,0.04
4725256,322.496,Level_5_PURGE,2.57,1.69,0.73,0.99,0.92,0.42,0.04
4725520,322.76,Level_5_PURGE,2.57,1.69,0.73,0.99,0.92,0.42,0.04
4725778,323.018,Level_5_PURGE,2.57,1.69,0.73,0.99,0.92,0.42,0.04
4726042,323.282,Level_5_PURGE,2.57,1.69,0.73,0.99,0.92,0.42,0.04
4726301,323.541,Level_5_PURGE,2.57,1.69,0.73,0.99,0.9166667,0.42,0.04
4726550,323.79,Level_5_PURGE,2.57,1.69,0.73,0.99,0.9166667,0.41666666,0.04
4726807,324.047,Level_5_PURGE,2.57,1.69,0.73,0.99,0.91333336,0.41333333,0.04
4727064,324.304,Level_5_PURGE,2.57,1.69,0.73,0.99,0.91333336,0.41,0.04
4727320,324.56,Level_5_PURGE,2.57,1.69,0.73,0.99,0.91,0.41,0.04
4727579,324.819,Level_5_PURGE,2.57,1.69,0.73,0.99,0.91333336,0.41,0.04
4727835,325.075,Level_5_PURGE,2.57,1.69,0.73,0.99,0.91333336,0.41,0.04
4728099,325.339,Level_5_PURGE,2.57,1.69,0.73,0.99,0.91333336,0.41,0.04
4728360,325.6,Level_5_PURGE,2.57,1.69,0.73,0.99,0.91,0.41,0.04
4728624,325.864,Level_5_PURGE,2.57,1.69,0.73,0.99,0.91,0.41,0.04
4728875,326.115,Level_5_PURGE,2.57,1.69,0.73,0.99,0.91,0.41,0.04
4729137,326.377,Level_5_PURGE,2.57,1.69,0.73,0.99,0.91,0.41,0.04
4729389,326.629,Level_5_PURGE,2.57,1.69,0.73,0.99,0.91,0.41,0.04
4729651,326.891,Level_5_PURGE,2.57,1.69,0.73,0.9866667,0.91,0.40666667,0.04
4729902,327.142,Level_5_PURGE,2.57,1.69,0.73,0.98333335,0.91,0.40333334,0.04
4730157,327.397,Level_5_PURGE,2.57,1.69,0.73,0.98,0.91,0.4,0.04
4730419,327.659,Level_5_PURGE,2.57,1.69,0.73,0.98,0.91,0.4,0.04
4730676,327.916,Level_5_PURGE,2.57,1.69,0.73,0.98,0.91,0.4,0.04
4730935,328.175,Level_5_PURGE,2.57,1.69,0.73,0.98,0.91,0.4,0.04
4731194,328.434,Level_5_PURGE,2.57,1.69,0.73,0.98,0.91,0.4,0.04
4731448,328.688,Level_5_PURGE,2.57,1.69,0.73,0.98,0.91,0.4,0.04
4731708,328.948,Level_5_PURGE,2.57,1.69,0.73,0.98,0.91,0.39666668,0.04
4731967,329.207,Level_5_PURGE,2.57,1.69,0.73,0.98,0.91,0.39333332,0.04
4732222,329.462,Level_5_PURGE,2.57,1.69,0.73,0.98,0.91,0.39,0.036666665
4732482,329.722,Level_5_PURGE,2.57,1.69,0.73,0.98,0.91,0.39,0.036666665
4732743,329.983,Level_5_PURGE,2.57,1.69,0.73,0.98,0.91,0.39,0.036666665
4732997,330.237,Level_5_PURGE,2.57,1.69,0.73,0.98,0.91,0.39,0.04
4733251,330.491,Level_5_PURGE,2.57,1.69,0.73,0.98,0.91,0.39,0.04
4733506,330.746,Level_5_PURGE,2.57,1.69,0.73,0.98,0.9066667,0.39,0.04
4733760,331.0,Level_5_PURGE,2.57,1.69,0.73,0.98,0.90333337,0.38666666,0.036666665
4734026,331.266,Level_5_PURGE,2.57,1.69,0.73,0.98,0.8999999,0.38333333,0.036666665
4734287,331.527,Level_5_PURGE,2.57,1.69,0.73,0.98,0.8999999,0.38,0.036666665
4734537,331.777,Level_5_PURGE,2.57,1.69,0.73,0.98,0.8999999,0.38,0.036666665
4734790,332.03,Level_5_PURGE,2.57,1.69,0.73,0.98,0.8999999,0.38,0.036666665
4735040,332.28,Level_5_PURGE,2.57,1.69,0.73,0.98,0.8999999,0.38,0.033333335
4735291,332.531,Level_5_PURGE,2.57,1.69,0.73,0.98,0.8999999,0.38,0.036666665
4735543,332.783,Level_5_PURGE,2.57,1.69,0.73,0.98,0.8999999,0.38,0.036666665
4735812,333.052,Level_5_PURGE,2.57,1.69,0.73,0.98,0.8999999,0.38,0.036666665
4736069,333.309,Level_5_PURGE,2.57,1.69,0.73,0.98,0.8999999,0.38,0.033333335
4736330,333.57,Level_5_PURGE,2.57,1.69,0.73,0.98,0.8999999,0.37666667,0.03
4736599,333.839,Level_5_PURGE,2.57,1.69,0.73,0.98,0.8999999,0.37333333,0.03
4736850,334.09,Level_5_PURGE,2.57,1.69,0.73,0.98,0.8999999,0.37,0.03
4737108,334.348,Level_5_PURGE,2.57,1.69,0.73,0.98,0.8999999,0.37,0.03
4737368,334.608,Level_5_PURGE,2.57,1.69,0.73,0.98,0.8999999,0.37,0.03
4737634,334.874,Level_5_PURGE,2.57,1.69,0.73,0.9766667,0.8999999,0.37,0.03
4737894,335.134,Level_5_PURGE,2.57,1.69,0.73,0.97333336,0.8999999,0.37,0.03
4738143,335.383,Level_5_PURGE,2.57,1.69,0.73,0.97,0.8999999,0.37,0.03
4738399,335.639,Level_5_PURGE,2.57,1.69,0.73,0.97,0.8999999,0.37,0.03
4738659,335.899,Level_5_PURGE,2.57,1.69,0.73,0.97333336,0.8999999,0.37,0.03
4738910,336.15,Level_5_PURGE,2.57,1.69,0.73,0.97333336,0.8999999,0.36666667,0.03
4739160,336.4,Level_5_PURGE,2.57,1.69,0.73,0.97333336,0.8999999,0.36333334,0.03
4739411,336.651,Level_5_PURGE,2.57,1.69,0.73,0.97,0.8999999,0.36,0.03
4739664,336.904,Level_5_PURGE,2.57,1.69,0.73,0.97,0.8999999,0.36,0.03
4739925,337.165,Level_5_PURGE,2.57,1.69,0.73,0.97,0.8999999,0.36,0.03
4740190,337.43,Level_5_PURGE,2.57,1.69,0.73,0.97,0.8999999,0.36,0.03
4740453,337.693,Level_5_PURGE,2.57,1.69,0.73,0.97,0.8999999,0.36,0.03
4740717,337.957,Level_5_PURGE,2.57,1.69,0.73,0.97,0.8999999,0.36,0.03
4740972,338.212,Level_5_PURGE,2.57,1.69,0.73,0.97,0.8999999,0.36,0.03
4741235,338.475,Level_5_PURGE,2.57,1.69,0.73,0.97,0.8999999,0.36,0.03
4741500,338.74,Level_5_PURGE,2.57,1.69,0.73,0.97,0.8999999,0.35666668,0.03
4741760,339.0,Level_5_PURGE,2.57,1.69,0.73,0.97,0.8999999,0.35333335,0.03
4742015,339.255,Level_5_PURGE,2.57,1.69,0.73,0.97,0.8999999,0.35,0.03
4742267,339.507,Level_5_PURGE,2.57,1.69,0.73,0.97,0.8999999,0.35,0.03
4742518,339.758,Level_5_PURGE,2.57,1.69,0.73,0.97,0.8999999,0.35,0.03
4742768,340.008,Level_5_PURGE,2.57,1.69,0.73,0.97,0.8999999,0.35,0.03
4743026,340.266,Level_5_PURGE,2.57,1.69,0.73,0.97,0.8999999,0.35,0.03
4743282,340.522,Level_5_PURGE,2.57,1.69,0.73,0.97,0.8999999,0.35,0.03
4743545,340.785,Level_5_PURGE,2.57,1.69,0.73,0.9666667,0.8999999,0.35,0.03
4743798,341.038,Level_5_PURGE,2.5666666,1.6866666,0.73,0.9666667,0.8999999,0.34666666,0.03
4744069,341.309,Level_5_PURGE,2.5666666,1.6866666,0.73,0.9666667,0.8999999,0.34333333,0.03
4744329,341.569,Level_5_PURGE,2.5666666,1.6866666,0.73,0.97,0.8999999,0.34,0.03
4744589,341.829,Level_5_PURGE,2.57,1.69,0.73,0.97,0.8999999,0.34,0.03
4744842,342.082,Level_5_PURGE,2.57,1.69,0.73,0.9666667,0.8999999,0.34,0.03
4745108,342.348,Level_5_PURGE,2.57,1.69,0.73,0.9666667,0.8999999,0.34,0.03
4745361,342.601,Level_5_PURGE,2.57,1.69,0.73,0.96333337,0.8966667,0.34,0.03
4745613,342.853,Level_5_PURGE,2.57,1.69,0.73,0.96333337,0.8966667,0.34,0.03
4745869,343.109,Level_5_PURGE,2.57,1.69,0.73,0.96,0.89333326,0.34,0.03
4746138,343.378,Level_5_PURGE,2.57,1.69,0.73,0.96,0.89333326,0.33666667,0.03
4746393,343.633,Level_5_PURGE,2.57,1.69,0.73,0.96,0.89000005,0.33333334,0.03
4746648,343.888,Level_5_PURGE,2.57,1.69,0.73,0.96,0.89000005,0.33,0.03
4746907,344.147,Level_5_PURGE,2.57,1.69,0.73,0.96,0.89000005,0.33,0.03
4747175,344.415,Level_5_PURGE,2.57,1.69,0.73,0.96,0.89000005,0.33,0.03
4747436,344.676,Level_5_PURGE,2.57,1.69,0.73,0.96,0.89000005,0.33,0.03
4747696,344.936,Level_5_PURGE,2.57,1.69,0.73,0.96,0.89000005,0.33,0.03
4747951,345.191,Level_5_PURGE,2.57,1.69,0.73,0.96,0.89000005,0.33,0.03
4748365,345.605,Level_5_RECOVERY,2.57,1.69,0.73,0.96,0.89000005,0.33,0.03
4748629,345.869,Level_5_RECOVERY,2.57,1.69,0.73,0.96,0.89000005,0.32666668,0.03
4748887,346.127,Level_5_RECOVERY,2.57,1.69,0.73,0.96,0.89000005,0.32333332,0.03
4749149,346.389,Level_5_RECOVERY,2.57,1.69,0.73,0.96,0.89000005,0.32,0.03
4749404,346.644,Level_5_RECOVERY,2.57,1.69,0.73,0.96,0.89000005,0.32,0.03
4749661,346.901,Level_5_RECOVERY,2.57,1.69,0.73,0.96,0.89000005,0.32,0.03
4749920,347.16,Level_5_RECOVERY,2.57,1.69,0.73,0.96,0.89000005,0.32,0.03
4750182,347.422,Level_5_RECOVERY,2.57,1.69,0.73,0.96,0.89000005,0.32,0.03
4750436,347.676,Level_5_RECOVERY,2.57,1.69,0.73,0.96,0.89000005,0.32,0.03
4750696,347.936,Level_5_RECOVERY,2.57,1.69,0.73,0.96,0.89000005,0.32,0.03
4750954,348.194,Level_5_RECOVERY,2.57,1.69,0.73,0.96,0.89000005,0.32,0.03
4751209,348.449,Level_5_RECOVERY,2.5666666,1.6866666,0.73,0.95666665,0.89000005,0.31666666,0.03
4751464,348.704,Level_5_RECOVERY,2.5666666,1.6866666,0.73,0.9533333,0.89000005,0.31333333,0.03
4751721,348.961,Level_5_RECOVERY,2.5666666,1.6866666,0.73,0.95,0.89000005,0.31,0.03
4751982,349.222,Level_5_RECOVERY,2.57,1.69,0.73,0.9533333,0.89000005,0.31,0.03
4752244,349.484,Level_5_RECOVERY,2.57,1.69,0.73,0.95666665,0.89000005,0.31,0.03
4752506,349.746,Level_5_RECOVERY,2.57,1.69,0.73,0.95666665,0.89000005,0.31,0.03
4752764,350.004,Level_5_RECOVERY,2.57,1.69,0.73,0.9533333,0.89000005,0.31,0.03
4753024,350.264,Level_5_RECOVERY,2.57,1.69,0.73,0.95,0.89000005,0.31,0.03
4753476,350.716,Level_6_DONE,2.57,1.69,0.73,0.9533333,0.89000005,0.31,0.03
4753730,350.97,Level_6_DONE,2.57,1.69,0.73,0.95666665,0.89000005,0.31,0.03
4753991,351.231,Level_6_DONE,2.57,1.69,0.73,0.95666665,0.89000005,0.31,0.03
4754254,351.494,Level_6_DONE,2.57,1.69,0.73,0.9533333,0.89000005,0.31,0.03
4754518,351.758,Level_6_DONE,2.57,1.69,0.73,0.95,0.89000005,0.31,0.03
4754776,352.016,Level_6_DONE,2.57,1.69,0.73,0.95,0.89000005,0.31,0.03
4755025,352.265,Level_6_DONE,2.57,1.69,0.73,0.9533333,0.89000005,0.31,0.03
4755288,352.528,Level_6_DONE,2.57,1.69,0.73,0.9533333,0.89000005,0.31,0.03
4755551,352.791,Level_6_DONE,2.57,1.69,0.73,0.95666665,0.89000005,0.31,0.03
4755801,353.041,Level_6_DONE,2.57,1.69,0.73,0.9533333,0.89000005,0.31,0.03
4756068,353.308,Level_6_DONE,2.57,1.69,0.73,0.95666665,0.89000005,0.31,0.03
4756334,353.574,Level_6_DONE,2.57,1.69,0.73,0.9533333,0.89000005,0.31,0.03
4756597,353.837,Level_6_DONE,2.57,1.69,0.73,0.9533333,0.89000005,0.31,0.03
4756853,354.093,Level_6_DONE,2.57,1.69,0.73,0.9533333,0.89000005,0.31,0.03
4757110,354.35,Level_6_DONE,2.57,1.69,0.73,0.9533333,0.89000005,0.31,0.03
4757372,354.612,Level_6_DONE,2.57,1.69,0.73,0.95666665,0.89000005,0.31,0.03
4757631,354.871,Level_6_DONE,2.57,1.69,0.73,0.95666665,0.89000005,0.31,0.03
4757889,355.129,Level_6_DONE,2.5666666,1.6866666,0.73,0.96,0.89000005,0.31,0.03
4758148,355.388,Level_6_DONE,2.5666666,1.6866666,0.73,0.95666665,0.89000005,0.31,0.03
4758403,355.643,Level_6_DONE,2.5666666,1.6866666,0.73,0.9533333,0.89000005,0.31,0.03
4758657,355.897,Level_6_DONE,2.57,1.69,0.73,0.9533333,0.89000005,0.31,0.03
4758913,356.153,Level_6_DONE,2.57,1.69,0.73,0.9533333,0.89000005,0.31,0.03
4759175,356.415,Level_6_DONE,2.57,1.69,0.73,0.9533333,0.89000005,0.30666667,0.03
4759435,356.675,Level_6_DONE,2.57,1.69,0.73,0.95,0.89000005,0.30333334,0.03
4759696,356.936,Level_6_DONE,2.57,1.69,0.73,0.95,0.89000005,0.3,0.03
4759961,357.201,Level_6_DONE,2.57,1.69,0.73,0.9533333,0.89000005,0.3,0.03
4760216,357.456,Level_6_DONE,2.57,1.69,0.73,0.9533333,0.89000005,0.3,0.03
4760465,357.705,Level_6_DONE,2.57,1.69,0.73,0.9533333,0.89000005,0.3,0.03
4760729,357.969,Level_6_DONE,2.57,1.69,0.73,0.9533333,0.89000005,0.3,0.03
4760993,358.233,Level_6_DONE,2.57,1.69,0.73,0.9533333,0.89000005,0.3,0.03
4761253,358.493,Level_6_DONE,2.57,1.69,0.73,0.95666665,0.89000005,0.3,0.03
4761509,358.749,Level_6_DONE,2.57,1.69,0.73,0.9533333,0.89000005,0.3,0.03
4761764,359.004,Level_6_DONE,2.57,1.69,0.73,0.9533333,0.89000005,0.3,0.03
4762016,359.256,Level_6_DONE,2.57,1.69,0.73,0.95,0.89000005,0.3,0.03
4765279,362.519,Level_6_DONE,2.5833333,1.7000002,0.73333335,0.9533333,0.89000005,0.3,0.03
4765542,362.782,Level_6_DONE,2.5833333,1.7000002,0.73333335,0.9533333,0.89000005,0.3,0.03
4765801,363.041,Level_6_DONE,2.5833333,1.7000002,0.73333335,0.9533333,0.89000005,0.3,0.03
4766053,363.293,Level_6_DONE,2.57,1.69,0.73,0.9533333,0.89000005,0.3,0.03
4766307,363.547,Level_6_DONE,2.57,1.69,0.73,0.9533333,0.89000005,0.3,0.03
4766557,363.797,Level_6_DONE,2.57,1.69,0.73,0.95666665,0.89000005,0.3,0.03
4766809,364.049,Level_6_DONE,2.57,1.69,0.73,0.95666665,0.89000005,0.3,0.03
4767061,364.301,Level_6_DONE,2.57,1.69,0.73,0.96,0.89000005,0.3,0.03
4767318,364.558,Level_6_DONE,2.57,1.69,0.73,0.96,0.89000005,0.3,0.03
4767569,364.809,Level_6_DONE,2.57,1.69,0.73,0.96,0.89000005,0.3,0.03
4767837,365.077,Level_6_DONE,2.57,1.69,0.73,0.96,0.89000005,0.3,0.03
4768091,365.331,Level_6_DONE,2.57,1.69,0.73,0.96,0.89000005,0.3,0.03
4768341,365.581,Level_6_DONE,2.57,1.69,0.73,0.96,0.89000005,0.3,0.03
4768598,365.838,Level_6_DONE,2.57,1.69,0.73,0.96,0.89000005,0.3,0.03
4768852,366.092,Level_6_DONE,2.57,1.69,0.73,0.96,0.89000005,0.3,0.03
4769110,366.35,Level_6_DONE,2.57,1.69,0.73,0.96,0.89000005,0.3,0.03
4769374,366.614,Level_6_DONE,2.57,1.69,0.73,0.96,0.89000005,0.3,0.03
4769710,366.95,Level_6_DONE,2.57,1.69,0.73,0.96,0.89000005,0.3,0.03
4769977,367.217,Level_6_DONE,2.57,1.69,0.73,0.96,0.89000005,0.3,0.03
4770239,367.479,Level_6_DONE,2.57,1.69,0.73,0.96,0.89000005,0.3,0.03
4770499,367.739,Level_6_DONE,2.57,1.69,0.73,0.96,0.89000005,0.3,0.03
4770750,367.99,Level_6_DONE,2.57,1.69,0.73,0.96,0.89000005,0.3,0.03
4771008,368.248,Level_6_DONE,2.57,1.69,0.73,0.96,0.89000005,0.3,0.03
4771277,368.517,Level_6_DONE,2.57,1.69,0.73,0.96,0.89000005,0.3,0.03
